Domingo Federico ; Rubén Sánchez,Domingo Federico,Rubén Sánchez
Aníbal Troilo ; Francisco Fiorentino,Aníbal Troilo,Francisco Fiorentino
Osvaldo Pugliese ; Ricardo Medina,Osvaldo Pugliese,Ricardo Medina
Manuel Buzón ; Osvaldo Moreno,Manuel Buzón,Osvaldo Moreno
Miguel Calo ; Alberto Podesta,Miguel Caló,Alberto Podestá
Roberto Calo ; Alberto Santillan,Roberto Caló,Alberto Santillán
Orquesta Típica Imperial ; Instrumental,Orquesta Típica Imperial,
Francisco Canaro ; Carlos Galan,Francisco Canaro,Carlos Galán
Liana ; Liana,,
Trio Ricardo-Barbieri-Aguilar ; Instrumental,,
Tanghetto ; Instrumental,Tanghetto,-
Juan Llossas ; Instrumental,Juan Llossas,
"Enrique Campos, Alfredo Calabro ; Orlando Verri",,Enrique Campos
"Francisco Lomuto ; Charlo, Choir",Francisco Lomuto,"Charlo, -choir-"
Orquesta Del Tangos Ingles ; Instrumental,,-
"Unknown ; Rosita Del Carril, Rosita Quiroga",,Rosita Quiroga
Rafael Canaro ; Unknown,Rafael Canaro,-unspecified male-
"Eduardo Bianco, Bachicha ; Teresita Asprella","Eduardo Bianco, Bachicha",Teresita Asprella
Barnabas Von Geczy ; Instrumental,,
Oscar Castagnaro ; Instrumental,Oscar Castagniaro,-
"Juan D'Arienzo ; Armando Laborde, Alberto Echagüe",Juan D'Arienzo,"Armando Laborde, Alberto Echagüe"
Orquesta Radio Victor Argentina ; Instrumental,Orquesta Radio Víctor Argentina,-
Unknown ; Roberto Maida,,Roberto Maida
Ángel D'Agostino ; Julián Centeya,Ángel D'Agostino,Julián Centeya
Orquesta Maffia-Gomez ; Alberto Gomez,Pedro Maffia,Alberto Gómez
Francisco Canaro ; Juan Carlos Rolon,Francisco Canaro,Juan Carlos Rolón
Eduardo Del Piano ; Mario Bustos,Eduardo Del Piano,Mario Bustos
Sexteto Tango ; Jorge Maciel,Sexteto Tango,Jorge Maciel
Orquesta Maffia-Gomez ; Instrumental,Pedro Maffia,-
"Jaime Wilensky ; Oscar Ferrari, Isabel Mendoza","Andrés Linetzky, Jaime Wilensky",Oscar Ferrari
Adolfo Carabelli ; Mercedes Simone,Adolfo Carabelli,Mercedes Simone
Juan Polito ; Instrumental,Juan Polito,-
Bachicha ; Jose Duarte,Bachicha,José Duarte
Will Glahé ; Instrumental,,
Orquesta Tipica Columbia ; Ernesto Fama,Orquesta Típica Columbia,Ernesto Famá
Carlos Di Sarli ; Ernesto Famá,Carlos Di Sarli,Ernesto Famá
Ultratango ; Raúl Lavie,,
Carlos Demaria ; Miguel Montero,Carlos Demaria,Miguel Montero
Francisco Canaro ; Ernesto Fama,Francisco Canaro,Ernesto Famá
Enrique Rodríguez ; Roberto Videla,Enrique Rodríguez,Roberto Videla
Alberto Mancione ; Jorge Ledesma,Alberto Mancione,Jorge Ledesma
Osváldo Pugliese ; Jorge Maciel,Osvaldo Pugliese,Jorge Maciel
Tangothic ; Juan Martin Casalla,,
Ricardo Malerba ; Orlando Medina,Ricardo Malerba,Orlando Medina
Mariano Mores ; Choir,Mariano Mores,-
Trio Jose Luis Padula ; Instrumental,José Luis Padula,-
Miguel Calo ; Roberto Mancini,Miguel Caló,Roberto Mancini
Armando Pontier ; Roberto Goyeneche,,Roberto Goyeneche
Osvaldo Fresedo ; Oscar Serpa,Osvaldo Fresedo,Oscar Serpa
Orquesta Típica Víctor ; Dúa Gomez Vila,Orquesta Típica Víctor,"Alberto Vila, Alberto Gómez"
"Otros Aires ; Santiago ""Sapo"" Sapioni",Otros Aires,-
Orquesta Tipica Victor ; Vicente Crisera,Orquesta Típica Víctor,Vicente Crisera
Carlos Gardél,Alberto Castellano,Carlos Gardel
Oskar Joost ; Unknown,Oskar Joost,
Francisco Lauro ; Alberto Ortiz,Francisco Lauro,
Agesilao Ferrazzano ; Instrumental,Agesilao Ferrazzano,-
Trio Los Nativos ; Celia Louzan,,
"Orquesta Tipica Victor ; Alberto Gomez, Alberto Vila",Orquesta Típica Víctor,"Alberto Vila, Alberto Gómez"
Angel Sica ; Instrumental,Ángel Sica,-
Fortuna ; Fortuna,,
Roberto Grela ; Instrumental,"Carlos García, Roberto Grela",-
Francisco Canaro ; Felix Gutierrez,Francisco Canaro,Félix Gutiérrez
Jose Garcia ; Alfredo Rojas,José García,Alfredo Rojas
Edgardo Donato ; Horacio Lagos,Edgardo Donato,Horacio Lagos
Osváldo Pugliese ; Patricia Lasala,Osvaldo Pugliese,Patricia Lasala
Orquesta Castellano ; Instrumental,Alberto Castellano,-
Los Señores Del Tango ; Instrumental,Los señores del tango,-
Florindo Sassone ; Oscar Macri,Florindo Sassone,Oscar Macri
Mercedes Simone Con Su Trio Tipico ; Mercedes Simone,,Mercedes Simone
Carlos Di Sarli ; Alberto Podestá,Carlos Di Sarli,Alberto Podestá
Carlos Marcucci ; Unknown,Carlos Marcucci,-unspecified male-
Manuel Buzón ; Amadeo Mandarino,Manuel Buzón,Amadeo Mandarino
Aníbal Troilo ; Alberto Marino,Aníbal Troilo,Alberto Marino
Antonio Bonavena ; Antonio Rodriguez Lesende,Antonio Bonavena,Antonio Rodriguez Lesende
Juan Carlos Cáceres ; Ariel Prat,,
Hector Varela ; Carlos Nogues,Héctor Varela,
Rodolfo Biagi ; Hugo Duval,Rodolfo Biagi,Hugo Duval
Osvaldo Fresedo ; Carlos Barrios,Osvaldo Fresedo,Carlos Barrios
Roberto Firpo ; Hector Villanueva,Roberto Firpo,Osvaldo Novarro
Juan D'Arienzo ; Carlos Casares,Juan D'Arienzo,Carlos Casares
Enrique Santos Discepolo ; Libertad Lamarque,Mario Maurano,Libertad Lamarque
Eduardo Stubbs ; Instrumental,,-
Osváldo Fresedo ; Iván Casadó,Osvaldo Fresedo,Iván Casadó
Enrique Santos Discepolo ; Tania,Enrique Discépolo,Tania
Osvaldo Fresedo ; Blanca Mooney,Osvaldo Fresedo,Blanca Mooney
Hector Varela ; Jorge Fontan Reyes,Héctor Varela,Jorge Fontán Reyes
"Eduardo Bianco, Bachicha ; Juan Raggi, Eduardo Bianco","Eduardo Bianco, Bachicha","Eduardo Bianco, Juan Raggi"
"Eduardo Bianco ; Eduardo Bianco, Jose Cohan",Eduardo Bianco,Eduardo Bianco
Unknown ; Unknown,,
Lucio Demare ; Roberto Arrieta,Lucio Demare,Roberto Arrieta
Juan D'Arienzo ; Juan Carlos Lamas,Juan D'Arienzo,Juan Carlos Lamas
Roberto Luratti ; Carlos Burgos,Roberto Lurati,Carlos Burgos
Orquesta Típica Víctor ; Roberto Díaz,Orquesta Típica Víctor,Roberto Díaz
Francisco Canaro ; Francisco Amor,Francisco Canaro,Francisco Amor
Francisco Alongi ; Instrumental,Francisco Alongi,
Eduardo Del Piano ; Angel Vargas,Eduardo Del Piano,Ángel Vargas
José García ; Instrumental,José García,-
"Juan Sanchez Gorio ; Luis Mendoza, Osvaldo Bazan",Juan Sánchez Gorio,"Luis Mendoza, Osvaldo Bazán"
Los Reyes Del Tango ; Instrumental,,-
Alfredo Gobbi ; Alfredo Del Rio,Alfredo J. Gobbi,Alfredo del Río
Orquesta Tipica Victor (OTV) ; Roberto Diaz,Orquesta Típica Víctor,Roberto Díaz
Tano Genaro ; Instrumental,Genaro Esposito,-
"Ciriaco Ortiz ; Alberto Gomez, Alberto Vila",Los Provincianos,"Alberto Vila, Alberto Gómez"
Armando Cupo ; Alberto Morán,Armando Cupo,Alberto Morán
"Francisco Canaro ; Ernesto Fama, Mirna Mores",Francisco Canaro,"Ernesto Famá, Mirna Mores"
Juan D'Arienzo ; Francisco Fiorentino,Juan D'Arienzo,Francisco Fiorentino
Orquesta Típica Víctor ; Alberto Carol,Orquesta Típica Víctor,Alberto Carol
Donato Racciatti ; Felix Romero,Donato Racciatti,Félix Romero
Miguel Calo ; Miguel Martino,Miguel Caló,Miguel Martino
"Alfredo De Angelis ; Floreal Ruíz, Néstor Rodi",Alfredo De Angelis,"Floreal Ruíz, Néstor Rodi"
Juan Felix Maglio ; Jose E. Galarza,Juan Félix Maglio,José E. Galarza
Osváldo Pugliese ; Adrián Guida,Osvaldo Pugliese,Adrián Guida
Miguel Orlando ; Tino Rossi,Miguel Orlando,
Anibal Troilo ; Raul Beron,Aníbal Troilo,Raúl Berón
Anselmo Aieta ; Luis Scalon,Anselmo Aieta,
Francisco Canaro ; Unknown,"Quinteto Pirincho, dir. Francisco Canaro",-
"Edgardo Donato, Roberto Zerrillo ; Unknown","Edgardo Donato, Roberto Zerrillo",Luis Díaz
Hermanos Ricardo ; Lucy Clory,,-unspecified female-
Tres Guitarras Argentinas ; Instrumental,,
Miguel Calo ; Raul Iriarte,Miguel Caló,Raúl Iriarte
Lhasa ; Lhasa de Sela,,
Juan Cruz Mateo ; Unknown,Juan Cruz Mateo,-unspecified male-
Pedro Laurenz ; Juan Carlos Casas,Pedro Laurenz,Juan Carlos Casas
Eduardo Bianco ; Unknown,Eduardo Bianco,-unspecified male-
Jose Servidio ; Instrumental,José Servidio,-
Antonio Scatasso ; Instrumental,Antonio Scatasso,
Joaquin Do Reyes ; Instrumental,Joaquín Do Reyes,
Roberto Calo ; Carlos Roldan,Roberto Caló,Carlos Roldán
Juan Bautista Guido ; Instrumental,Juan Bautista Guido,-
Juan Guido ; Instrumental,Juan Bautista Guido,-
Francisco Rotundo ; Jorge Duran,Francisco Rotundo,Jorge Durán
Pedro Laurenz ; Hector Juncal,Pedro Laurenz,Héctor Juncal
Armando Pontier ; Instrumental,Armando Pontier,
Francisco Canaro ; Roberto Maida,Francisco Canaro,Roberto Maida
Francisco Lomuto ; Alberto Rivera,Francisco Lomuto,Alberto Rivera
Mariano Mores ; Mario Ponce De Leon,Mariano Mores,Mario Ponce De Leon
Antonio Bonavena ; Antonio Buglione,Antonio Bonavena,-
Esteban Morgado ; Susana Rinaldi,Esteban Morgado,-unspecified female-
Salvador Pizarro ; Unknown,Salvador Pizarro,
Orquesta Típica Fervor De Buenos Aires ; Instrumental,Orquesta Típica Fervor de Buenos Aires,
Auguste Jean Pesenti ; Nena Sainz,A. J. Pesenti,
Los Reyes Del Compas ; Alberto Paz,,-
"Enrique Francini, Armando Pontier ; Instrumental","Enrique Francini, Armando Pontier",-
"Orquesta Tipica Victor ; Roberto Diaz, Choir",Orquesta Típica Víctor,"Roberto Díaz, -choir-"
Domingo Federico ; Ruben Maciel,Domingo Federico,Rubén Maciel
Cuarteto Del 900 ; Instrumental,Cuarteto del 900,-
Juan Carlos Cobian ; Instrumental,Juan Carlos Cobián,-
"Enrique ""Minotto"" Di Cico ; Instrumental",Minotti Di Cicco,-
Astor Piazzolla ; Instrumental,Astor Piazzolla,-
"Donato Racciatti ; Nina Miranda, Roberto Lister",Donato Racciatti,"Carlos Roldán, Olga Delgrossi"
Tangothic ; Valerie Gilaberte,,
Hector Varela ; Ernesto Herrera,Héctor Varela,Ernesto Herrera
Lucio Demare ; Horacio Quintana,Lucio Demare,Horacio Quintana
Edmundo Rivero ; Unknown,Osvaldo Pugliese,Abel Córdoba
"Antonio Tanturi, Cesar Petrone ; Instrumental",,-
Orquesta Tipica Porteña (Orquesta De RCA Victor) ; Ernesto Fama,Orquesta Típica Porteña,Ernesto Famá
Heinz Huppertz ; Instrumental,,
"Osmar Maderna ; Mario Pomar, Pedro Dátila",Osmar Maderna,"Mario Pomar, Pedro Dátila"
Unknown ; Pjotr Leschenko,,
Astor Piazzolla ; Roberto Goyeneche,Astor Piazzolla,Roberto Goyeneche
Juan D'Arienzo ; Enrique Carbel,Juan D'Arienzo,Enrique Carbel
"Osváldo Fresedo, Dizzy Gillespie ; Instrumental","Osvaldo Fresedo, Dizzy Gillespie",-
"La Chicana ; Dolores Solá, Liliana Herrero",,-unspecified female-
Trio Victor ; Instrumental,Trío Victor,-
Orquesta Típica Brunswick ; Carlos Viván,Orquesta Típica Brunswick,Carlos Viván
"Edgardo Donato ; Alberto Podesta, Carlos Almada",Edgardo Donato,"Alberto Podestá, Carlos Almada"
"Eduardo Bianco, Bachicha ; Pettorossi","Eduardo Bianco, Bachicha","Eduardo Bianco, Juan Raggi"
Bajofondo Tango Club ; Elvis Costello,,
Orquesta Típica Porteña ; Roberto Díaz,Orquesta Típica Porteña,Roberto Díaz
Unknown ; Libertad Lamarque,,Libertad Lamarque
"Edgardo Donato ; Lita Morales, Horacio Lagos, Romeo Gavioli",Edgardo Donato,"Horacio Lagos, Romeo Gavioli"
Unknown ; Lili Boniche,,
Romeo Gavioli ; Romeo Gavioli,Romeo Gavioli,Romeo Gavioli
Feliciano Brunelli ; Roberto Morales,Feliciano Brunelli,Roberto Morales
Rafael Canaro ; Aldo Campoamor,Rafael Canaro,Aldo Campoamor
Charlo ; Instrumental,Jorge Arduh,
Francisco Canaro ; Agustin Irusta,Francisco Canaro,Agustín Irusta
Juan Félix Maglio ; Carlos Viván,Juan Félix Maglio,
Miguel Caló ; Raúl Berón,Miguel Caló,Raúl Berón
Enrique Rodriguez ; Instrumental,Enrique Rodríguez,-
Mario Melfi ; Instrumental,Mario Melfi,-
Ricardo Tanturi ; Roberto Videla,Ricardo Tanturi,Roberto Videla
Armando Lacava ; Ángel Vargas,Armando Lacava,Ángel Vargas
Osváldo Berlingieri ; Roberto Goyeneche,,Roberto Goyeneche
Osvaldo Fresedo ; Osvaldo Cordo,Osvaldo Fresedo,Osvaldo Cordó
Alfredo Gobbi ; Héctor Maciel,Alfredo J. Gobbi,Héctor Maciel
Eduardo Pereyra ; Instrumental,Eduardo Pereyra,-
Orquesta Típica Víctor ; Alberto Gómez,Orquesta Típica Víctor,Alberto Gómez
Brodman-Alfaro ; Unknown,Orquesta Típica Brodman-Alfaro,-unspecified male-
Orquesta Típica Víctor ; Charlo,Orquesta Típica Víctor,Charlo
Aníbal Troilo ; Edmundo Rivero,Aníbal Troilo,Edmundo Rivero
Rafael Rossi ; Instrumental,Rafael Rossi,-
Rodolfo Biagi ; Alberto Lago,Rodolfo Biagi,Alberto Lago
Joaquin Do Reyes ; Enrique Lucero,Joaquín Do Reyes,
Eduardo Du Perron ; Instrumental,,-
Unknown ; Sofia Bozan,Enrique Delfino,Sofia Bozán
Orquesta Tipica Brunswick ; Antonio Rodriguez Lesende,Orquesta Típica Brunswick,Antonio Rodriguez Lesende
Ángel D'Agostino ; Instrumental,Ángel D'Agostino,-
"Orquesta Ases Del Tango ; Hector Beltran, Roberto Solar",,"Héctor Beltrán, Roberto Solar"
"Eduardo Del Piano ; Hector De Rosas, Mario Bustos",Eduardo Del Piano,"Héctor De Rosas, Mario Bustos"
Manuel Pizarro ; Unknown,Manuel Pizarro,-
Osváldo Pugliese ; José Ángel Trelles,Osvaldo Pugliese,José Ángel Trelles
Mario Melfi ; Bruno Clair,Mario Melfi,
La Chicana ; Instrumental,,-
Brodman-Alfaro ; Instrumental,Orquesta Típica Brodman-Alfaro,-
Juan D'Arienzo ; Héctor Mauré,Juan D'Arienzo,Héctor Mauré
Bernardo Alemany ; Unknown,Bernardo Alemany,-unspecified male-
Bailongo! ; Unknown,,"-unspecified female-, -unspecified male-"
Orquesta Escuela De Tango ; Noelia Moncada,Orquesta Escuela de tango,
Orquesta Típica Imperial ; Omar Garré,Orquesta Típica Imperial,
Julio Arregui ; Luis Suarez,,
Ultratango ; Leo Satragno,,-unspecified male-
Donato Racciatti ; Elsa Moran,Donato Racciatti,Elsa Morán
Oscar Aleman,Oscar Aleman,
Ricardo Pedevilla ; Hugo Del Valle,Ricardo Pedevilla,Hugo Del Valle
Adalbert Lutter ; Instrumental,Adalbert Lutter,-
Francisco Rotundo ; Ricardo Argentino,Francisco Rotundo,Ricardo Argentino
Osvaldo Fresedo ; Ricardo Ruiz,Osvaldo Fresedo,Ricardo Ruiz
Gotan Project ; Veronika Silva,Gotan Project,
Juan Felix Maglio ; Nicolas Gianastasio,Juan Félix Maglio,Nicolás Gianastasio
Jose Basso ; Floreal Ruíz,José Basso,Floreal Ruíz
Catulo Castillo ; Instrumental,,
"Aguilar, Barbieri, Riverol ; Ada Falcon","Ángel Domingo Riverol, Guillermo Barbieri, José María Aguilar",Adhelma Falcon
"Orquesta Tipica Victor ; Juan Carlos Delson, Roberto Diaz",Orquesta Típica Víctor,"Juan Carlos Delson, Roberto Díaz"
"Francisco Canaro ; Mario Alonso, Alberto Arenas",Francisco Canaro,"Mario Alonso, Alberto Arenas"
Osvaldo Pugliese ; Jorge Maciel,Osvaldo Pugliese,Jorge Maciel
Ricardo Luis Brignolo ; Luis Diaz,Ricardo Luis Brignolo,
Miguel Caló ; Instrumental,Miguel Caló,-
Federico Mizrahi ; Fernando Rabih,,
Orquesta Típica Víctor ; José Bohr,Orquesta Típica Víctor,"José Bohr, -unspecified female-"
Edgardo Donato ; Hugo Del Carril,Edgardo Donato,"Randona, Hugo del Carril"
Julio Arregui ; Instrumental,,
Carlos Di Sarli ; Alberto Podesta,Carlos Di Sarli,Alberto Podestá
Bajofondo Tango Club ; Unknown,,-unspecified female-
Trio Los Nativos ; Instrumental,,-
Bachicha ; Teresa Asprella,Bachicha,Teresita Asprella
Tity Quentin ; Unknown,,
Mariano Mores ; Carlos Acuña,Mariano Mores,Carlos Acuña
Roberto Calo ; Instrumental,Roberto Caló,
Joaquin Do Reyes ; Ruben Llaneza,Joaquín Do Reyes,
Emilio Balcarce ; Alberto Marino,Emilio Balcarce,Alberto Marino
Cuarteto Del 900 ;  Instrumental,,-
"Alfredo De Angelis ; Carlos Dante, Julio Martel",Alfredo De Angelis,"Carlos Dante, Julio Martel"
Juan D'Arienzo ; Instrumental,Juan D'Arienzo,-
Osváldo Pugliese ; Eduardo Espinoza,Osvaldo Pugliese,Eduardo Espinoza
Auguste Jean Pesenti ; Marcel Nino,A. J. Pesenti,
Ruben Sosa ; Instrumental,Rubén Sosa,-
Armando Pontier ; Julio Sosa,,Julio Sosa
Tito Martin ; Instrumental,Tito Martín,-
Juan Carlos Cobian ; Genaro Veiga,Juan Carlos Cobián,Genaro Veiga
Carlos Marcucci ; Carlos Lafuente,Carlos Marcucci,Carlos Lafuente
Alfredo Attadia ; Enzo Valentino,Alfredo Attadía,Enzo Valentino
Julio De Caro ; Hector Farrel,Julio De Caro,Héctor Farrel
Antonio Rodio ; Mario Corrales,Antonio Rodio,Mario Pomar
Osvaldo Fresedo ; Roberto Ray,Osvaldo Fresedo,Roberto Ray
Adolfo Carabelli ; Charlo,Adolfo Carabelli,Carlos Lafuente
Trio Argentino (Irusta-Fugazot-Demare) ; Agustin Irusta,Trío Argentino,
Enrique Mora ; German Darrien,Enrique Mora,
Orquesta Tipica Popular ; Pedro Lauga,Orquesta Victor popular,Pedro Lauga
Orquesta Tipica Victor ; Mario Corrales,Orquesta Típica Víctor,Mario Pomar
"Miguel Caló ; Luis Tolosa, Raúl Iriarte",Miguel Caló,"Luis Tolosa, Raúl Iriarte"
Roberto Zerrillo ; Instrumental,Roberto Zerrillo,
Enrique Lomuto ; Instrumental,Enrique Lomuto,
Edgardo Donato ; Agustin Magaldi,Edgardo Donato,Agustín Magaldi
"Francisco Lomuto ; Alberto Hilarion Acuña, Fernando Diaz",Francisco Lomuto,"Alberto Hilarion Acuña, Fernando Díaz"
Unknown ; Seyyan Hanim,,Seyyan Hanim
Conjunto Estudiantes De Derecho ; Instrumental,,
Azucena Maizani ; Azucena Maizani,-unspecified guitars-,Azucena Maizani
Orquestra Típica Argentina Porteños ; Agustín Duarte,,-unspecified male-
Salvador Pizarro ; Juan Raggi,Salvador Pizarro,Juan Raggi
"Bachicha ; Emilia Garcia, Juan Raggi",Bachicha,"Emilia García, Juan Raggi"
"Domingo Federico, Atilio Stampone ; Antonio Rodriguez Lesende","Domingo Federico, Atilio Stampone",Antonio Rodriguez Lesende
Anibal Troilo ; Instrumental,Aníbal Troilo,
Tano Genaro ; F. Merel,Genaro Esposito,
Juan De Dios Filiberto ; Jorge Alonso,Juan de Dios Filiberto,-
Osváldo Fresedo ; Osváldo Fresedo,,Osvaldo Fresedo
Joaquin Do Reyes ; Hugo Soler,Joaquín Do Reyes,Hugo Soler
Rafael Canaro ; Carlos Dante,Rafael Canaro,Carlos Dante
Enrique Santos Discepolo ; Instrumental,Enrique Discépolo,-
Unknown ; Roberto Flores,,Roberto Flores
Carlos Demaria ; Instrumental,Carlos Demaria,-
Francisco Rotundo ; Julio Sosa,Francisco Rotundo,Julio Sosa
Rubén Juárez ; Unknown,,Rubén Juárez
Carlos Di Sarli ; Antonio Rodriguez Lesende,Carlos Di Sarli,Antonio Rodriguez Lesende
Trio Argentino (Irusta-Fugazot-Demare) ; Instrumental,Trío Argentino,-
Lucio Demare ; Agustin Irusta,Lucio Demare,Agustín Irusta
Gotan Project,Gotan Project,-unspecified female-
Juan Carlos Cobian ; Jorge Cardozo,Juan Carlos Cobián,Jorge Cardozo
"Enrique ""Minotto"" Di Cico ; Jorge Omar",Minotti Di Cicco,Jorge Omar
Francisco Spaventa ; Francisco Spaventa,,Francisco Spaventa
Ricardo Malerba ; Instrumental,Ricardo Malerba,-
"Francisco Lomuto ; Alberto Hilarion Acuña, Fernando Díaz",Francisco Lomuto,"Alberto Hilarion Acuña, Fernando Díaz"
Carlos Di Sarli ; Fernando Diaz,Carlos Di Sarli,Fernando Díaz
Francisco Canaro ; Tita Merello,Francisco Canaro,Tita Merello
Edgardo Donato ; Luis Diaz,Edgardo Donato,Luis Díaz
Luis Caruso ; Julio Sosa,Luis Caruso,Julio Sosa
Mariano Mores ; Nestor Fabian,Mariano Mores,Néstor Fabián
Domingo Federico ; Instrumental,Domingo Federico,-
Adolfo Carabelli ; Luis Diaz,Adolfo Carabelli,Luis Díaz
Genaro Veiga ; Oscar Fresedo,Genaro Veiga,
Mariano Mores ; Susy Leiva,Mariano Mores,Susy Leiva
"Eduardo Bianco, Bachicha ; Instrumental","Eduardo Bianco, Bachicha",-
Duo Marcucci-Grupillo ; Instrumental,"Carlos Marcucci, Salvador Grupillo",
Tango Crash ; Instrumental,,
Ricardo Luis Brignolo ; Teofilo Ibañez,Ricardo Luis Brignolo,
"Felix Laurenz, Pedro Casella ; Carlos Barbe",,Carlos Barbé
Ricardo Luis Brignolo ; Instrumental,Ricardo Luis Brignolo,-
Rafael Canaro ; Alberto Tagle,Rafael Canaro,Alberto Tagle
Daniel Melingo ; Instrumental,Daniel Melingo,-
"Orquestra Típica Argentina Porteños ; Agustín Duarte, Luis Esteban Mandarino",,"-unspecified male-, -unspecified male-"
Trio Iriarte-Pages-Pesoa ; Instrumental,,
Brodman-Alfaro ; Luis Scalon,Orquesta Típica Brodman-Alfaro,Luis Scalón
Juan Sanchez Gorio ; Instrumental,Juan Sánchez Gorio,-
Juan D'Arienzo ; Raquel Notar,Juan D'Arienzo,Raquel Notar
Francisco Lomuto ; Principe Azul,Francisco Lomuto,Príncipe Azul
"Julio Arregui ; Ivonne, Felix Romero",,
"Domingo Federico ; Ruben Maciel, Rubén Sánchez",Domingo Federico,"Rubén Maciel, Rubén Sánchez"
"Eduardo Bianco ; Manuel Bianco, Hector Pettorossi",Eduardo Bianco,Horacio Pettorossi
Enrique Alessio ; Alberto Castillo,Enrique Carmelo Alessio,Alberto Castillo
Rodolfo Biagi ; Teófilo Ibañez,Rodolfo Biagi,Teofilo Ibañez
Cuarteto Victor ; Instrumental,Cuarteto Victor de la Guardia Vieja,
Unknown ; Argentino Ledesma,,Argentino Ledesma
Orquesta Tipica Argentina ; Roberto Maida,,Roberto Maida
"Jose Garcia ; Alfredo Rojas, Nilda Wilson",José García,"Alfredo Rojas, Nilda Wilson"
Julio Pollero ; Antonio Buglione,Julio Pollero,Antonio Buglione
Alfredo Gobbi ; Jorge Maciel,Alfredo J. Gobbi,Jorge Maciel
Juan Félix Maglio ; José E. Galarza,Juan Félix Maglio,José E. Galarza
Ricardo Luis Brignolo ; Agustin Magaldi,Ricardo Luis Brignolo,
"Francisco Canaro ; Ernesto Fama, Francisco Amor",Francisco Canaro,"Ernesto Famá, Francisco Amor"
Alberto Soifer ; Instrumental,Alberto Soifer,-
Cuarteto Victor De La Guardia Vieja ; Instrumental,Cuarteto Victor de la Guardia Vieja,-
Astor Piazzolla ; Aldo Campoamor,Astor Piazzolla,Aldo Campoamor
Barnabás Von Géczy ; Instrumental,Barnabás von Géczy,
Edgardo Donato ; Carlos Almada,Edgardo Donato,Carlos Almada
Bajofondo Tango Club ; Gustavo Cerati,,
"Hector Varela ; Argentino Ledesma, Rodolfo Lesica",Héctor Varela,"Argentino Ledesma, Rodolfo Lesica"
Osvaldo Fresedo ; Pilar Arcos,Osvaldo Fresedo,Pilar Arcos
Carlos Di Sarli ; Roberto Rufino,Carlos Di Sarli,Roberto Rufino
Orquesta Típica Víctor ; Francisco Fiorentino,Orquesta Típica Víctor,Francisco Fiorentino
Eduardo Del Piano ; Ángel Vargas,Eduardo Del Piano,Ángel Vargas
Salvador Pizarro ; Choir,Salvador Pizarro,
Juan Carlos Caviello ; Instrumental,Juan Carlos Caviello,
Osváldo Fresedo ; Hugo Marcel,Osvaldo Fresedo,Hugo Marcel
Orquesta Tipica Victor ; Instrumental,Orquesta Típica Víctor,-
Antonio Rodio ; Instrumental,Antonio Rodio,-
Julio De Caro ; Fanny Navarro,Julio De Caro,Fanny Navarro
Unknown ; Ana Maria Pugliese,,
Federico Mizrahi ; Susana Rinaldi,,Susana Rinaldi
Unknown ; Edmundo Rivero,,Edmundo Rivero
Juan D'Arienzo ; Alberto Echagüe,Juan D'Arienzo,Alberto Echagüe
Orquesta Típica Fervor De Buenos Aires ; Unknown,Orquesta Típica Fervor de Buenos Aires,
Osvaldo Fresedo ; Instrumental,Osvaldo Fresedo,-
Carlos Marcucci ; Roberto Abrodos,Carlos Marcucci,Roberto Abrodos
"Aníbal Troilo ; Aldo Calderón, Edmundo Rivero",Aníbal Troilo,"Aldo Calderón, Edmundo Rivero"
Osváldo Pugliese ; Gustavo Nocetti,Osvaldo Pugliese,Gustavo Nocetti
Alberto Di Paulo ; Instrumental,Alberto Di Paulo,
Armando Cupo ; Roberto Rufino,Armando Cupo,Roberto Rufino
Enrique Francini ; Roberto Rufino,Enrique Francini,Roberto Rufino
Bachicha ; Alberto Larena,Bachicha,Alberto Larena
José García ; Alfredo Rojas,José García,Alfredo Rojas
Unknown ; Rico Bardi,,
"Edgardo Donato ; Romeo Gavioli, Lita Morales, Horacio Lagos",Edgardo Donato,"Horacio Lagos, Lita Morales, Romeo Gavioli"
Auguste Jean Pesenti ; Giliberu,A. J. Pesenti,
Emilio Pellejero ; Carlos Roldan,Emilio Pellejero,Carlos Roldán
"Eduardo Bianco, Bachicha ; Hector Pettorossi","Eduardo Bianco, Bachicha",Horacio Pettorossi
Filipotto-Ariotto ; Unknown,,-unspecified male-
Miguel Calo ; Alberto Morel,Miguel Caló,Alberto Morel
"Roberto Firpo, Roberto Firpo (Hijo) ; Instrumental",,-
"Rafael Canaro ; Carlos Dante, Rafael Canaro",Rafael Canaro,"Carlos Dante, Rafael Canaro"
Osváldo Pugliese ; Roberto Chanel,Osvaldo Pugliese,Roberto Chanel
Carlos Marambio ; Juan Cruz Mateo,Juan Carlos Marambio Catán,-unspecified male-
Francisco Canaro ; Eduardo Adrián,Francisco Canaro,Eduardo Adrián
Miguel Calo ; Carlos Dante,Miguel Caló,Carlos Dante
Ultratango ; Instrumental,,-
"Alfredo Gobbi ; Tito Lando, Alfredo Del Rio",Alfredo J. Gobbi,"Alfredo del Río, Tito Landó"
"Eduardo Bianco, Bachicha ; Bachicha, Mario Melfi","Eduardo Bianco, Bachicha",
Unknown ; Rosita Montemar,,Rosita Montemar
Francisco Rotundo ; Maria De La Fuente,Francisco Rotundo,Maria De La Fuente
Francisco Lauro ; Instrumental,Domingo Federico,
"Enrique Rodríguez ; Armando Moreno, Omar Quiroz, Carlos Galán",Enrique Rodríguez,"Armando Moreno, Omar Quiroz, Oscar Galán"
Enrique Discepolo ; Tania,Enrique Discépolo,Tania
Quintin Verdu ; Instrumental,,
Osvaldo Fresedo ; Hugo Marcel,Osvaldo Fresedo,Hugo Marcel
"Orquesta Tipica Victor ; Luis Diaz, Carlos Lafuente",Orquesta Típica Víctor,"Carlos Lafuente, Luis Díaz"
Edgardo Donato ; Unknown,Edgardo Donato,Félix Gutiérrez
Tano Genaro ; O. Amato,Genaro Esposito,
Alfredo Gobbi ; Carlos Almada,Alfredo J. Gobbi,Carlos Almada
Miguel Calo ; Roberto Arrieta,Miguel Caló,Roberto Arrieta
"Juan Canaro, Mario Canaro ; Instrumental",,
Cayetano Puglisi ; Instrumental,Cayetano Puglisi,-
Florindo Sassone ; Carlos Malbran,Florindo Sassone,Carlos Malbrán
Orquesta Tipica Victor ; Alberto Gomez,Orquesta Típica Víctor,Alberto Gómez
Federico Mizrahi ; Alfredo Piro,,
Quinteto Real ; Instrumental,Quinteto Real,-
Roberto Grela ; Alberto Marino,,Alberto Marino
Auguste Jean Pesenti ; Armengol,A. J. Pesenti,
Osmar Maderna ; Mario Pomar,Osmar Maderna,Mario Pomar
Orquesta Tipica Select ; Instrumental,Orquesta Típica Select,-
Carlos Garcia ; Ranko Fujisawa,Carlos García,Ranko Fujisawa
"Daniel Melingo ; Daniel Melingo, Félix Melingo Torre, Gabriel Fernandez Capello",Daniel Melingo,
Juan D'Arienzo ; Horacio Palma,Juan D'Arienzo,Horacio Palma
"Francisco Canaro ; Agustín Irusta, Roberto Fugazot",Francisco Canaro,"Agustín Irusta, Roberto Fugazot"
Hector Stamponi ; Instrumental,Héctor Stamponi,-
Auguste Jean Pesenti ; Unknown,A. J. Pesenti,-
"Carlos Vincente Geroni Flores ; Samuel Linnig, Carlos Pesce",Carlos Vicente Geroni Flores,-
Donato Racciatti ; Mario Rivie,Donato Racciatti,Mario Rivie
Oskar Joost ; Instrumental,,
Aníbal Troilo ; Pablo Lozano,Aníbal Troilo,Pablo Lozano
Francisco Maquieira ; Ricardo Farias,Francisco Maquiera,Ricardo Farias
Julio De Caro ; Orlando Verri,Julio De Caro,Orlando Verri
Osváldo Pugliese ; Instrumental,Osvaldo Pugliese,-
Alberto Mancione ; Instrumental,Alberto Mancione,-
Enrique Di Lorenzo ; Instrumental,Enrique di Lorenzo,
Unknown ; Nelly Omar,,Nelly Omar
Trio Argentino ; Instrumental,Trío Argentino,-
Luis Visca ; Alfredo Castels,Luis Nicolas Visca,Alfredo Castells
Trío Buenos Aires ; Unknown,,-unspecified male-
Victor D'Amario ; Instrumental,Victor D'Amario,
Enrique Mora ; Instrumental,Enrique Mora,-
Lucio Demare ; Jorge Linares,Lucio Demare,Jorge Linares
Jose Basso ; Rodolfo Gale,José Basso,Rodolfo Galé
Orquesta Típica Brunswick ; Teofilo Ibañez,Orquesta Típica Brunswick,Teofilo Ibañez
Sexteto Tango ; Roberto Goyeneche,Sexteto Tango,Roberto Goyeneche
Orquesta Típica Víctor ; Carlos Lafuente,Orquesta Típica Víctor,Carlos Lafuente
Los Solistas De Juan D'Arienzo ; Instrumental,Los Solistas de D'Arienzo,-
Edgardo Donato ; Adolfo Rivas,Edgardo Donato,Adolfo Rivas
Alfredo De Angelis ; Nestor Rodi,Carlos Di Sarli,-
Manuel Pizarro ; Roberto Maida,Manuel Pizarro,Roberto Maida
Unknown ; Tania,,Tania
Eduardo Bianco ; Mario Visconti,Eduardo Bianco,Mario Visconti
"Enrique Francini, Atilio Stampone ; Instrumental",Enrique Francini,
"Anibal Troilo, Roberto Grela ; Ranko Fujisawa","Aníbal Troilo, Roberto Grela",Ranko Fujisawa
Les Loups (Oscar Alemán) ; Instrumental,Carlos Di Sarli,-
Carlos Di Sarli ; Rodolfo Gale,Carlos Di Sarli,Rodolfo Galé
Roberto Cuenca ; Oscar Nelson,,Oscar Nelson
Rodolfo Biagi ; Instrumental,Rodolfo Biagi,-
"Alfredo Gobbi ; Carlos Heredia, Hugo Soler",Alfredo J. Gobbi,"Carlos Heredia, Hugo Soler"
Alberto Castellano ; Instrumental,Alberto Castellano,-
Enrique Mora ; Amanda Vidal,Enrique Mora,Amanda Vidal
Unknown ; Carlo Buti,,
Carlos Di Sarli ; Jorge Durán,Carlos Di Sarli,Jorge Durán
Orquesta Tipica Victor ; Carlos Lafuente,Orquesta Típica Víctor,Carlos Lafuente
Lucio Demare ; Raúl Berón,Lucio Demare,Raúl Berón
Juan D'Arienzo ; Jorge Valdéz,Juan D'Arienzo,Jorge Valdez
Carlos Libedinsky ; Instrumental,Carlos Libedinsky,-
Unknown ; Sofia Vembo,,Sofia Vembo
Orquesta El Arranque ; Instrumental,Orquesta El Arranque,
Sebastian Piana ; Alberto Rivera,Sebastián Piana,Alberto Rivera
"Adolfo Carabelli ; Carlos Lafuente, Mercedes Simone",Adolfo Carabelli,"Carlos Lafuente, Mercedes Simone"
Carlos Garcia ; Hector Pacheco,,Héctor Pacheco
Hi Perspective ; Lady Gatica,,
Julio Arregui ; Julio Arregui,,
Carlos Figari ; Enrique Dumas,Carlos Figari,Enrique Dumas
Carlos Marcucci ; Instrumental,Carlos Marcucci,Roberto Díaz
Domingo Federico ; Oscar Larroca,Domingo Federico,Oscar Larroca
Astor Piazzolla ; Francisco Fiorentino,Astor Piazzolla,Francisco Fiorentino
Orquesta Tipica Columbia ; Domingo Conte,Orquesta Típica Columbia,Domingo Conte
Julio De Caro ; Roberto Taibo,Julio De Caro,Roberto Taibo
Osváldo Fresedo ; Carlos Mayel,Osvaldo Fresedo,Carlos Mayel
Alfredo Gobbi ; Hector Maciel,Alfredo J. Gobbi,Héctor Maciel
"Juan D'Arienzo ; Horacio Palma, Jorge Valdéz",Juan D'Arienzo,"Horacio Palma, Jorge Valdez"
Jose Tinelli ; Luis Bottini,José Tinelli,Luis Mendoza
Orquesta Típica Víctor ; Mario Corrales,Orquesta Típica Víctor,Mario Pomar
Unknown ; Ranko Fujisawa,-unspecified guitars-,Ranko Fujisawa
Juan Felix Maglio ; Instrumental,Juan Félix Maglio,-
Juan Félix Maglio ; Unknown,Juan Félix Maglio,-unspecified male-
Juan De Dios Filiberto ; Patrocinio Diaz,Juan de Dios Filiberto,-
Edgardo Donato ; Alberto Aguirre,Edgardo Donato,Alberto Aguirre
Lucio Demare ; Instrumental,Lucio Demare,-
Roberto Calo ; Oscar Larroca,Roberto Caló,
Luis Caruso ; Walter Escobar,Luis Caruso,
Ángel D'Agostino ; Rubén Cané,Ángel D'Agostino,Rubén Cané
Roberto Firpo ; Miguel Manacorda,Roberto Firpo,Carlos A. Varela
Unknown ; Roberto Florio,-unspecified orchestra-,
Osváldo Fresedo ; Teofilo Ibañez,Osvaldo Fresedo,Teofilo Ibañez
Carlos Di Sarli ; Fernando Díaz,Carlos Di Sarli,Fernando Díaz
Enrique Carmelo Alessio ; Instrumental,Enrique Carmelo Alessio,-
Unknown ; Ángel Vargas,Armando Lacava,Ángel Vargas
Florindo Sassone ; Rodolfo Galé,Florindo Sassone,Rodolfo Galé
Los Provincianos (Ciriaco Ortiz) ; Carlos Lafuente,Los Provincianos,Carlos Lafuente
Feliciano Brunelli ; Fernando Raymond,Feliciano Brunelli,Fernando Raymond
Orquesta Tipica Victor ; Samuel Aguayo,Orquesta Típica Víctor,Samuel Aguayo
Alberto Castillo ; Alberto Castillo,Emilio Balcarce,Alberto Castillo
Ricardo Luis Brignolo ; Carlos Vivan,Ricardo Luis Brignolo,
Orquesta Tipica Victor ; Luis Diaz,Orquesta Típica Víctor,Luis Díaz
Francisco Rotundo ; Instrumental,Francisco Rotundo,-
Alfredo De Angelis ; Instrumental,Alfredo De Angelis,-
Ciriaco Ortiz ; Roberto Diaz,Orquesta Típica Ciriaquito,Roberto Díaz
Orquesta de Maestro Lacalle ; Instrumental,,
"Hector Varela ; Armando Laborde, Jorge Rolando",Héctor Varela,"Armando Laborde, Jorge Rolando"
Salvador Pizarro ; Instrumental,Salvador Pizarro,-
Jose Basso ; Alfredo Del Rio,José Basso,Alfredo del Río
"Color Tango ; Roberto Decarre, Abel Córdoba",Color Tango,
Manuel Pizarro ; Instrumental,Manuel Pizarro,-
Bajofondo Tango Club ; Santullo,,
Unknown ; Oscar Carboni,,
Alberto Mancione ; Luis Correa,Alberto Mancione,Luis Correa
Rafael Rossi ; Carmen Idal,Rafael Rossi,Carmen Idal
Osvaldo Fresedo ; Genaro Veiga,Osvaldo Fresedo,Genaro Veiga
Miguel Calo ; Raul Beron,Miguel Caló,Raúl Berón
Electrocutango ; Julia Zenko,,-unspecified female-
Juan D'Arienzo ; Alberto Echague,Juan D'Arienzo,Alberto Echagüe
"Eduardo Bianco, Bachicha ; Teresa Asprella","Eduardo Bianco, Bachicha",Teresita Asprella
Jose Moreno ; Jose Moreno,,
Osváldo Pugliese ; Abel Córdoba,Osvaldo Pugliese,Abel Córdoba
"Alfredo De Angelis ; Juan Carlos Godoy, Lalo Martel",Alfredo De Angelis,"Juan Carlos Godoy, Lalo Martel"
Jose Garcia ; Nida Wilson,José García,Nilda Wilson
Mariano Mores ; Aldo Campoamor,Mariano Mores,Aldo Campoamor
Domingo Federico ; Armando Moreno,Domingo Federico,Armando Moreno
Duo Maffia-De Franco ; Instrumental,"Pedro Maffia, Alfredo De Franco",
Alfredo De Angelis ; Oscar Larroca,Alfredo De Angelis,Oscar Larroca
Ricardo Tanturi ; Alberto Castillo,Ricardo Tanturi,Alberto Castillo
Luis Petrucelli ; Roberto Diaz,Luis Petrucelli,Roberto Díaz
"Alfredo De Angelis ; Julio Martel, Néstor Rodi",Alfredo De Angelis,"Julio Martel, Néstor Rodi"
Francisco Lomuto ; Fernando Diaz,Francisco Lomuto,Fernando Díaz
Ricardo Tanturi ; Horacio Roca,Ricardo Tanturi,Horacio Roca
Pedro Maffia ; Pedro L. Lauga,Pedro Maffia,Pedro Lauga
Alfredo Gobbi ; Hugo Soler,Alfredo J. Gobbi,Hugo Soler
"Yira ; Mariano Rucci, Tina Haus",,-unspecified male-
Horacio Pettorossi ; Unknown,Horacio Pettorossi,-unspecified male-
Daniel Melingo ; Daniel Melingo,Daniel Melingo,Daniel Melingo
Rafael Canaro ; Luis Scalon,Rafael Canaro,Luis Scalón
Liliana Herrero ; Liliana Herrero,Néstor Marconi,
Mariano Mores ; Sergio Cansino,Mariano Mores,Sergio Cansino
Manuel Buzon ; Instrumental,Manuel Buzón,-
Orquesta Tipica Victor ; Mariano Balcarce,Orquesta Típica Víctor,Mariano Balcarce
"Alberto Mancione ; Jorge Ledesma, Angel Varela",Alberto Mancione,"Ángel Varela, Jorge Ledesma"
Carlos Di Sarli ; Jorge Duran,Carlos Di Sarli,Jorge Durán
Miguel Calo ; Roberto Calo,Miguel Caló,Roberto Caló
Miguel Calo ; Alfredo Dalton,Miguel Caló,Alfredo Dalton
Ariel Pedernera ; Instrumental,,
Bachicha ; Unknown,Bachicha,
Eduardo Du Perron ; Luis Mandarino,,Luis Esteban Mandarino
"Adolfo Carabelli ; Alberto Gomez, Mercedes Simone",Adolfo Carabelli,"Alberto Gómez, Mercedes Simone"
Roberto Firpo ; Carlos Varela,Roberto Firpo,Carlos A. Varela
Yira ; Nicolas Maisonnave,,-unspecified male-
Irusta-Fugazot-Demare ; Agustín Irusta,,-unspecified male-
Lucio Demare ; Juan Carlos Miranda,Lucio Demare,Juan Carlos Miranda
Rodolfo Biagi ; Carlos Saavedra,Rodolfo Biagi,Carlos Saavedra
Carlos Vincente Geroni Flores ; Instrumental,Carlos Vicente Geroni Flores,
Auguste Jean Pesenti ; Nita Garcia,A. J. Pesenti,
"Adolfo Carabelli ; Alberto Gomez, Alberto Vila",Adolfo Carabelli,"Alberto Vila, Alberto Gómez"
Francisco Canaro ; Carlos Dante,Francisco Canaro,Carlos Dante
Julio Espindola ; Ricardo Cortez,Julio Espindola,Ricardo Cortez
"Francisco Rotundo ; Enrique Campos, Floreal Ruiz",Francisco Rotundo,"Enrique Campos, Floreal Ruíz"
L' Ensemble Pari's Tengo ; Instrumental,,
Francisco Pracánico ; Instrumental,Ricardo Tanturi,-
"Angel Sica ; Romego Gavioli, Freddy",Ángel Sica,Romeo Gavioli
Lorenzo Barbero ; Instrumental,Lorenzo Barbero,-
Auguste Jean Pesenti ; Jan Lambert,A. J. Pesenti,
Edgardo Donato ; Lita Morales,Edgardo Donato,Lita Morales
Alfredo De Angelis ; Carlos Dante,Alfredo De Angelis,Carlos Dante
Unknown ; Carmen Duval,,Carmen Duval
Domingo Federico ; Carlos Valdez,Domingo Federico,"Carlos Valdéz, -unspecified female-"
Jose Sala ; Alfredo Belusi,José Sala,Alfredo Belusi
Federico Mizrahi ; Ligia Piro,,
"Osváldo Pugliese ; Roberto Chanel, Alberto Morán",Osvaldo Pugliese,"Roberto Chanel, Alberto Morán"
Jose Tinelli ; Instrumental,José Tinelli,"Chola Bosch, Luis Mendoza"
Miguel Villasboas ; Instrumental,Miguel Villasboas,-
Pedro Laurenz ; Héctor Farrel,Pedro Laurenz,Héctor Farrel
Francisco Lomuto ; Instrumental,Francisco Lomuto,-
Domingo Federico ; Dante Rossi,Domingo Federico,Dante Rossi
Mario Melfi ; Marcel Veran,Mario Melfi,-unspecified male-
Orquesta Tipica Porteña (Orquesta De RCA Victor) ; Alberto Vila,Orquesta Típica Porteña,Alberto Vila
Orquesta Típica Víctor ; Instrumental,Orquesta Típica Víctor,-
Orquesta Ases Del Tango ; Roberto Solar,,Roberto Solar
Antonio Bonavena ; Instrumental,Antonio Bonavena,
Juan Felix Maglio ; Carlos Vivan,Juan Félix Maglio,Carlos Viván
Rogelio Coll ; Adolfo Berta,Rogelio Coll,
Astor Piazzolla ; Unknown,Astor Piazzolla,
Cristobal Herrero ; Instrumental,Cristóbal Herreros,-
Orquesta Escuela De Tango ; Jesus Hidalgo,Orquesta Escuela de tango,
Orquesta Típica Brunswick ; Instrumental,Orquesta Típica Brunswick,-
Edo S. Perron ; Instrumental,,-
Edgardo Donato ; Félix Gutierrez,Edgardo Donato,Félix Gutiérrez
Tango Crash ; Unknown,,
Hector Varela ; Rodolfo Lesica,Héctor Varela,Rodolfo Lesica
Los Reyes Del Compas ; Raul Fontana,,
Mariano Mores ; Hugo Del Carril,Mariano Mores,Hugo del Carril
Eduardo Del Piano ; Hector De Rosas,Eduardo Del Piano,Héctor De Rosas
Osmar Maderna ; Orlando Verri,Osmar Maderna,Orlando Verri
Adalbert Lutter ; Unknown,Adalbert Lutter,
Francisco Canaro ; Ada Falcon,Francisco Canaro,Ada Falcón
Los Solistas De Juan D'Arienzo ; Osvaldo Ramos,Los Solistas de D'Arienzo,-
Juan Guido ; Juan Lauga,Juan Bautista Guido,Juan Lauga
Unknown ; Alberto Vila,,Alberto Vila
Enrique Rodríguez ; Instrumental,Enrique Rodríguez,-
"Antonio Rodio ; Alberto Serna, Daniel Adamo",Antonio Rodio,"Alberto Serna, Daniel Adamo"
"Aníbal Troilo ; Jorge Casal, Raúl Berón",Aníbal Troilo,"Raúl Berón, Jorge Casal"
Florindo Sassone ; Alberto Fontan Luna,Florindo Sassone,Alberto Fontán Luna
Cuarteto Criollo Brunelli ; Instrumental,,
Donato Racciatti ; Roddy Pereyra,Donato Racciatti,Roddy Pereyra
Unknown ; Rosita Quiroga,-unspecified guitars-,Rosita Quiroga
Unknown ; Tita Merello,,Tita Merello
Adolfo Perez ; Instrumental,Adolfo Pérez,-
"Alfredo Gobbi ; Jorge Maciel, Héctor Coral",Alfredo J. Gobbi,"Jorge Maciel, Héctor Coral"
Orquesta Ases Del Tango ; Hector Beltran,,Héctor Beltrán
Francisco Canaro ; Francisco Fiorentino,Francisco Canaro,Francisco Fiorentino
Bayo-Moreno ; Unknown,,-unspecified male-
"Eduardo Bianco, Bachicha ; César Alberu","Eduardo Bianco, Bachicha",César Alberú
Hector Palacios ; Hector Palacios,-unspecified guitars-,Héctor Palacios
Florindo Sassone ; Raúl Lavalle,Florindo Sassone,Raúl Lavalle
Jose Bohr ; Instrumental,José Bohr,-
Geronimo Bongioni ; Instrumental,,
Unknown ; Virginia Vera,,Virginia Vera
Juan D'Arienzo ; Mario Bustos,Juan D'Arienzo,Mario Bustos
Edgardo Donato ; Mercedes Carne,Edgardo Donato,Mercedes Carné
"Miguel Nijensohn ; Carlos Budini, Mario Bone",Miguel Nijensohn,Carlos Budini
Emilio Balcarce ; Alberto Castillo,Emilio Balcarce,Alberto Castillo
"Alfredo Gobbi ; Tito Landó, Alfredo Del Río",Alfredo J. Gobbi,"Alfredo del Río, Tito Landó"
Ricardo Tanturi ; Osvaldo Ribó,Ricardo Tanturi,Osvaldo Ribó
Trio Enrique Delfino ; Sofia Bozan,,Sofia Bozán
Enrique Carmelo Alessio ; Jose Beron,Enrique Carmelo Alessio,José Berón
Alberto Mancione ; Francisco Fiorentino,Alberto Mancione,Francisco Fiorentino
"Francisco Canaro ; Alberto Arenas, Guillermo Coral",Francisco Canaro,"Guillermo Rico, Alberto Arenas"
Francisco Canaro (Quinteto Pirincho) ; Alberto Arenas,"Quinteto Pirincho, dir. Francisco Canaro",Alberto Arenas
Orquesta Tipica Victor ; Amando Sentous,Orquesta Típica Víctor,
Carlos Di Sarli ; Carlos Acuña,Carlos Di Sarli,Carlos Acuña
"Enrique Rodríguez ; Armando Moreno, Omar Quiroz, Oscar Galán",Enrique Rodríguez,"Armando Moreno, Omar Quiroz, Oscar Galán"
Miguel Calo ; Chola Luna,Miguel Caló,Chola Luna
Julio De Caro ; Pedro Lauga,Julio De Caro,Pedro Lauga
Juan Cambareri ; Instrumental,Juan Cambareri,-
Miguel Nijensohn ; Carlos Budini,Miguel Nijensohn,Carlos Budini
Osváldo Pugliese ; Jorge Guillermo,Osvaldo Pugliese,Jorge Guillermo
Armando Baliotti ; Osvaldo Chazarreta,Armando Baliotti,Osvaldo Chazarreta
Orquesta Tipica San Souci ; Instrumental,Orquesta Típica Sans Souci,
Orquesta Ases Del Tango ; Rodolfo Lesica,,Rodolfo Lesica
Roberto Firpo (Hijo) ; Instrumental,Roberto Firpo,-
Ernesto De La Cruz ; Instrumental,,
Osváldo Fresedo ; Ricardo Ruiz,Osvaldo Fresedo,Ricardo Ruiz
Juan D'Arienzo ; Antonio Prieto,Juan D'Arienzo,Antonio Prieto
Sexteto Mayor ; Unknown,Sexteto Mayor,-unspecified male-
Horacio Salgan ; Instrumental,Horacio Salgán,-
"Jose Tinelli ; Luis Bottini, Chola Bosch",José Tinelli,"Chola Bosch, Luis Mendoza"
"Osvaldo Pugliese ; Roberto Chanel, Alberto Moran",Osvaldo Pugliese,"Roberto Chanel, Alberto Morán"
Orquesta Típica Porteña ; Roberto Goyeneche,,Roberto Goyeneche
Ricardo Malerba ; Antonio Maida,Ricardo Malerba,Antonio Maida
Joaquin Do Reyes ; Horacio Deval,Joaquín Do Reyes,Horacio Deval
Francisco Lomuto ; Carlos Galarce,Francisco Lomuto,Carlos Galarce
"Francisco Canaro ; Ada Falcón, Ernesto Famá",Francisco Canaro,"Ada Falcón, Ernesto Famá"
Federico Aubele ; Gabriela Maiaru,,
Aníbal Troilo ; Jorge Casal,Aníbal Troilo,Jorge Casal
Julio Arregui ; Felix Romero,,Félix Romero
Rafael Canaro ; Raul Sander,Rafael Canaro,Raúl Sanders
"Manuel Pizarro ; Alina Da Silva, Manuel Pizarro",Manuel Pizarro,Manuel Pizarro
"Eduardo Bianco, Bachicha ; Juan Raggi","Eduardo Bianco, Bachicha",-unspecified male-
Francisco Rotundo ; Carlos Roldan,Francisco Rotundo,Carlos Roldán
Ricardo Tanturi ; Juan Carlos Godoy,Ricardo Tanturi,Juan Carlos Godoy
Orquesta Tipica Victor ; Ortega Del Cerro,Orquesta Típica Víctor,Ortega del Cerro
Ibrahim Özgür ; Ibrahim Özgür,,Ibrahim Özgür
Jaime Wilensky ; Instrumental,"Andrés Linetzky, Jaime Wilensky",-
Nicola Piovani ; Marcelo Mastroianni,,
Enrique Mora ; Alberto Legran,Enrique Mora,
Unknown ; Agustin Magaldi,-unspecified guitars-,Agustín Magaldi
Roberto Firpo ; Teofilo Ibañez,Roberto Firpo,Teofilo Ibañez
Francisco Rotundo ; Alfredo Del Rio,Francisco Rotundo,Alfredo del Río
"Orquesta Tipica Victor ; Roberto Diaz, Juan Carlos Delson",Orquesta Típica Víctor,"Juan Carlos Delson, Roberto Díaz"
Daniel García ; Instrumental,,-
Sebastian Piana y su Orquesta Tipica Candombe ; Instrumental,Sebastián Piana,-
Cuarteto Norteño ; Rafael Rossi,Rafael Rossi,-
Julio Pollero ; Instrumental,Julio Pollero,-
Tano Genaro ; Cesar Alberu,Genaro Esposito,César Alberú
Los Provincianos (Ciriaco Ortiz) ; Instrumental,Los Provincianos,-
Otros Aires ; Miguel Di Genova,Otros Aires,-
Osvaldo Pugliese ; Miguel Montero,Osvaldo Pugliese,Miguel Montero
J. E. Martinez ; Nina Miranda,,Nina Miranda
Orquesta Típica Víctor ; Ernesto Famá,Orquesta Típica Víctor,Ernesto Famá
Osmar Maderna ; Instrumental,Leopoldo Federico,
Jose Garcia ; Instrumental,José García,-
Pedro Laurenz ; Carlos Bermúdez,Pedro Laurenz,Carlos Bermúdez
Francisco Canaro ; Instrumental,Francisco Canaro,-
Feliciano Brunelli ; Oscar Valeta,Feliciano Brunelli,Oscar Valeta
Francisco Lomuto ; Jorge Omar,Francisco Lomuto,Jorge Omar
Unknown ; Hugo Del Carril,,Hugo del Carril
"Eduardo Bianco, Bachicha ; Eduardo Bianco, Hector Pettorossi","Eduardo Bianco, Bachicha","Eduardo Bianco, Horacio Pettorossi"
Aníbal Troilo ; Angel Cárdenas,Aníbal Troilo,Ángel Cárdenas
"Aníbal Troilo ; Amadeo Mandarino, Francisco Fiorentino",Aníbal Troilo,"Amadeo Mandarino, Francisco Fiorentino"
"Aníbal Troilo ; Floreal Ruíz, Alberto Marino",Aníbal Troilo,"Floreal Ruíz, Alberto Marino"
Carlos Figari ; Luis Tasca,Carlos Figari,
Antonio Bonavena ; Jorge Omar,Antonio Bonavena,Jorge Omar
Osmar Maderna ; Pedro Dátila,Osmar Maderna,Pedro Dátila
Alfredo De Angelis ; Roberto Mancini,Alfredo De Angelis,Roberto Mancini
Rogelio Coll ; Eduardo Ruiz,Rogelio Coll,Enrique Campos
Rafael Canaro ; Raul Sanders,Rafael Canaro,Raúl Sanders
"Francisco Canaro ; Ernesto Fama, Angel Ramos",Francisco Canaro,Ernesto Famá
Miguel Calo ; Carlos Almagro,Miguel Caló,Carlos Almagro
"Roberto Firpo ; Carlos Vivan, Hector Villanueva",Roberto Firpo,"Osvaldo Novarro, Carlos Viván"
"Alberto Mancione ; Jorge Ledesma, Hector Alvarado, Ubaldo Martinez",Alberto Mancione,"Jorge Ledesma, Héctor Alvarado"
Juan Carlos Caceres ; Juan Carlos Caceres,Juan Carlos Cáceres,
Alfredo De Angelis ; Juan Carlos Godoy,Alfredo De Angelis,Juan Carlos Godoy
Carlos Garciá ; Instrumental,Carlos García,-
Orquesta De Maestro Lacalle ; Instrumental,,
Ciriaco Ortiz ; Carlos Lafuente,Los Provincianos,Carlos Lafuente
Osváldo Fresedo ; Osváldo Arana,Osvaldo Fresedo,Osvaldo Arana
Unknown ; Roberto Diaz,,Roberto Díaz
Feliciano Brunelli ; Instrumental,Feliciano Brunelli,-
Francisco Canaro ; Ernesto Famá,Francisco Canaro,Ernesto Famá
Francisco Lomuto ; Príncipe Azul,Francisco Lomuto,Príncipe Azul
Tango Crash ; Nicolás Nobili,,
Orquesta Tipica Victor ; Teofilo Ibañez,Orquesta Típica Víctor,Teofilo Ibañez
Orquesta Tipica San Souci ; Walter Laborde,Orquesta Típica Sans Souci,Laborde
Pedro Laurenz ; Héctor Juncal,Pedro Laurenz,Héctor Juncal
Aníbal Troilo ; Unknown,Aníbal Troilo,Aníbal Troilo
Edgardo Donato ; Antonio Maida,Edgardo Donato,Antonio Maida
Oscar Roma ; Instrumental,Oscar Roma,-
Carlos Di Sarli ; Agustin Volpe,Carlos Di Sarli,Agustín Volpe
"Juan Cao ; Nina Miranda, Alberto Bianchi",Juan Cao,
"Edgardo Donato, Roberto Zerrillo ; Instrumental","Edgardo Donato, Roberto Zerrillo",Luis Díaz
Juan Carlos Cobian ; Francisco Fiorentino,Juan Carlos Cobián,Francisco Fiorentino
Rafael Canaro ; Jorge Cardozo,Rafael Canaro,Jorge Cardozo
Francisco Canaro ; Guillermo Coral,Francisco Canaro,Guillermo Rico
Osváldo Fresedo ; Oscar Serpa,Osvaldo Fresedo,Oscar Serpa
José Melín ; Unknown,,-unspecified male-
Horacio Pettorossi ; Teresa Asprella,Horacio Pettorossi,-unspecified female-
Alfredo De Angelis ; Lalo Martel,Alfredo De Angelis,Lalo Martel
Domingo Federico ; Carlos Vidal,Domingo Federico,Carlos Vidal
Unknown ; Mario Melfi,Mario Melfi,-unspecified male-
Alfredo Malerba ; Libertad Lamarque,Alfredo Malerba,Libertad Lamarque
Roberto Calo ; Carlos Rivera,Roberto Caló,
Ludwig Rüth ; Instrumental,,
Unknown ; Mercedes Simone,,Mercedes Simone
Enrique Discepolo ; Unknown,Enrique Discépolo,
Jorge Fernandez ; Alberto Aguirre,Jorge Fernández,Alberto Aguirre
"Francisco Lomuto ; Fernando Diaz, Jorge Omar",Francisco Lomuto,"Fernando Díaz, Jorge Omar"
"Felix Laurenz, Pedro Casella ; Luis Alberto Fleitas",,Luis Alberto Fleitas
Orquesta Ases Del Tango ; Instrumental,,-
Francisco Canaro ; Ernesto Rondo,Francisco Canaro,Ernesto Rondó
Color Tango ; Instrumental,Color Tango,-
"Ricardo Tanturi ; Elsa Rivas, Juan Carlos Godoy, Horacio Roca",Ricardo Tanturi,"Juan Carlos Godoy, Elsa Rivas, Horacio Roca"
Aníbal Troilo ; Roberto Goyeneche,,Roberto Goyeneche
Osmar Maderna ; Luis Tolosa,Osmar Maderna,Luis Tolosa
Unknown ; Enrique Carbel,-unspecified orchestra-,Enrique Carbel
Edgardo Donato ; Instrumental,Edgardo Donato,-
Cuarteto Tipico Los Ases ; Instrumental,Cuarteto típico Los ases,-
Carlos Di Sarli ; Argentino Ledesma,Carlos Di Sarli,Argentino Ledesma
Rafael Canaro ; Mario Beltran,Rafael Canaro,Mario Beltrán
Unknown ; Toula Amvrazi,,
Adolfo Carabelli ; Alberto Gómez,Adolfo Carabelli,Alberto Gómez
Orquesta Tipica Victor ; Mercedes Simone,-unspecified orchestra-,Mercedes Simone
Lorenzo Barbero ; Mario Cordoba,Lorenzo Barbero,Mario Córdoba
Carlos Di Sarli ; Santiago Devincenzi,Carlos Di Sarli,Santiago Devin
Angel D'Agostino ; Tino Garcia,Ángel D'Agostino,Tino García
"Unknown ; Danae, Panos Visvardis",,
Unknown ; Agustin Irusta,Francisco Canaro,Agustín Irusta
"Francisco Canaro ; Ernesto Fama, Lidia Desmond",Francisco Canaro,"Ernesto Famá, Lidia Desmond"
Osváldo Pugliese ; Nelly Vásquez,Osvaldo Pugliese,Nelly Vázquez
Adolfo Carabelli ; Carlos Lafuente,Adolfo Carabelli,Carlos Lafuente
Pedro Laurenz ; Alberto Podestá,Pedro Laurenz,Alberto Podestá
Juan D'Arienzo ; Walter Cabral,Juan D'Arienzo,Walter Cabral
"Francisco Rotundo ; Floreal Ruiz, Carlos Roldan",Francisco Rotundo,Floreal Ruíz
Ángel D'Agostino ; Raúl Aldao,Ángel D'Agostino,Raúl Aldao
Julio Arregui ; Alma Luz,,
Orquesta Típica Brunswick ; Antonio Rodriguez Lesende,Orquesta Típica Brunswick,Antonio Rodriguez Lesende
Dajos Béla ; Instrumental,,
Juan José Mosalini ; Instrumental,Juan José Mosalini,
Florindo Sassone ; Roberto Chanel,Florindo Sassone,Roberto Chanel
Adolfo Carabelli ; Fernando Diaz,Adolfo Carabelli,Fernando Díaz
Mario Maurano ; Libertad Lamarque,Mario Maurano,Libertad Lamarque
Eduardo Arolas ; Instrumental,Eduardo Arolas,-
Robert Gaden ; Instrumental,,
"Edgardo Donato ; Horacio Lagos, Lita Morales",Edgardo Donato,"Horacio Lagos, Lita Morales"
"Alfredo De Angelis ; Carlos Dante, Oscar Larroca",Alfredo De Angelis,"Carlos Dante, Oscar Larroca"
Rodolfo Biagi ; Carlos Acuña,Rodolfo Biagi,Carlos Acuña
Francisco Canaro ; Marcelo Paz,Francisco Canaro,
Orquesta Tipica Victor ; Jaime Moreno,Orquesta Típica Víctor,Jaime Moreno
Las Bordonas ; Instrumental,Las Bordonas,-
Enrique Discepolo ; Instrumental,Enrique Discépolo,
Osváldo Pugliese ; Jorge Rubino,Osvaldo Pugliese,Jorge Rubino
José Moreno ; Unknown,,-unspecified male-
Victor D'Amario ; Alberto Santillan,Victor D'Amario,Alberto Santillán
Carlos y Ramon Lobos ; Pedro Beramendi,,
Jose Garcia ; Nilda Wilson,José García,Nilda Wilson
Rogelio Coll ; Anibal Oberlin,Rogelio Coll,
Osváldo Fresedo ; Armando Garrido,Osvaldo Fresedo,Armando Garrido
Unknown ; Charlo,-unspecified guitars-,Charlo
Adolfo Carabelli ; Instrumental,Adolfo Carabelli,-
"Julio Pollero ; Antonio Buglione, Gonzalez Castillo",Julio Pollero,Antonio Buglione
Aníbal Troilo ; Aldo Calderón,Aníbal Troilo,Aldo Calderón
Mariano Mores ; Miguel Montero,Mariano Mores,Miguel Montero
"Edgardo Donato ; Lita Morales, Romeo Gavioli",Edgardo Donato,"Lita Morales, Romeo Gavioli"
Pedro Laurenz ; Martín Podestá,Pedro Laurenz,Alberto Podestá
Unknown ; Maria Tanase,,
Horacio Salgán ; Instrumental,Horacio Salgán,-
Aníbal Troilo ; Floreal Ruíz,Aníbal Troilo,Floreal Ruíz
Edgardo Donato ; Romeo Gavioli,Edgardo Donato,Romeo Gavioli
Domingo Federico ; Enzo Valentino,Domingo Federico,Enzo Valentino
Federico Mizrahi ; Guilliermo Fernández,,
"Eduardo Del Piano ; Mario Bustos, Hector De Rosas",Eduardo Del Piano,"Héctor De Rosas, Mario Bustos"
Francisco Canaro ; Carlos Galán,Francisco Canaro,Carlos Galán
"Eduardo Bianco, Bachicha ; Cesar Alberu","Eduardo Bianco, Bachicha",César Alberú
"Alberto Mancione ; Angel Varela, Jorge Ledesma",Alberto Mancione,"Ángel Varela, Jorge Ledesma"
Ciriaco Ortiz ; Instrumental,Ciriaco Ortiz,-
Anselmo Aieta ; Jose E. Galarza,Anselmo Aieta,José E. Galarza
Carlos Libedinsky ; Rosana Laudani,Carlos Libedinsky,-
"Cristobal Herrero ; Rodolfo Diaz, Beatriz Maselli",Cristóbal Herreros,"Beatriz Maselli, Rodolfo Diaz"
"Francisco Lomuto ; Fernando Díaz, Jorge Omar",Francisco Lomuto,"Fernando Díaz, Jorge Omar"
Juan Cambareri ; Alberto Casares,Juan Cambareri,Alberto Casares
Unknown ; Maria De La Fuente,,Maria De La Fuente
Manuel Pizarro ; Manuel Pizarro,Manuel Pizarro,Manuel Pizarro
Enrique Rodriguez ; Ricardo Herrera,Enrique Rodríguez,Ricardo Herrera
"Francisco Lomuto ; Fernando Díaz, Mercedes Simone",Francisco Lomuto,"Fernando Díaz, Mercedes Simone"
Julio De Caro ; Roberto Medina,Julio De Caro,Roberto Medina
Unknown ; Roberto Goyeneche,,Roberto Goyeneche
Mario Demarco ; Instrumental,Mario Demarco,-
Hector Varela ; Armando Laborde,Héctor Varela,Armando Laborde
Hugo Di Carlo ; Pablo Moreno,Hugo Di Carlo,Pablo Moreno
Unknown ; Ernesto Fama,Francisco Canaro,Roberto Maida
Francisco Canaro (Quinteto Don Pancho) ; Instrumental,"Quinteto Don Pancho, dir. Francisco Canaro",-
Alberto Castellano ; Tania,Alberto Castellano,Tania
Pedro Maffia ; Felix Gutierrez,Pedro Maffia,Félix Gutiérrez
Joaquin Do Reyes ; Armando Forte,Joaquín Do Reyes,
"Jose Garcia ; Alfredo Rojas, Nida Wilson",José García,"Alfredo Rojas, Nilda Wilson"
Francisco Canaro (Quinteto Pirincho) ; Instrumental,"Quinteto Pirincho, dir. Francisco Canaro",-
Juan Canaro ; Andres Falgas,Juan Canaro,Andrés Falgás
Auguste Jean Pesenti ; Roland Avellys,A. J. Pesenti,
Orquesta El Arranque ; Ariel Ardit,Orquesta El Arranque,
Jose M. Lucchesi ; Instrumental,José Lucchesi,-
Auguste Jean Pesenti ; Guy Berry,A. J. Pesenti,
"Armando Lacava ; Angel Vargas, Amadeo Lomio",Armando Lacava,"Amadeo Lomio, Ángel Vargas"
Orquesta Coca Cola (Carlos Demaria) ; Sabina Olmos,Orquesta Típica Coca-Cola,Sabina Olmos
Alfredo De Angelis ; Julio Martel,Alfredo De Angelis,Julio Martel
Lalo Marenales ; Luis Alberto Fleitas,,Luis Alberto Fleitas
Juan Canaro ; Ernesto Fama,Juan Canaro,Ernesto Famá
"Gotan Project ; Daniel Melingo, Cristina Vilallonga",Gotan Project,
Alfredo Gobbi ; Carlos Nogues,,"Ángel Díaz, Carlos Nogués"
"Alberto Mancione ; Jorge Ledesma, Hector Alvarado",Alberto Mancione,"Jorge Ledesma, Héctor Alvarado"
"Miguel Caló ; Roberto Arrieta, Raúl Iriarte",Miguel Caló,"Roberto Arrieta, Raúl Iriarte"
Francisco Lomuto ; Choir,Francisco Lomuto,-choir-
Osvaldo Fresedo ; Armando Garrido,Osvaldo Fresedo,Armando Garrido
Orquesta Tipica Artola-Linas ; Unknown,,
Orquesta Típica Víctor ; Lita Morales,Orquesta Típica Víctor,Lita Morales
Pedro Laurenz ; Carlos Bermudez,Pedro Laurenz,Carlos Bermúdez
"Unknown ; Alberto Gomez, Alberto Vila",-unspecified guitars-,"Alberto Vila, Alberto Gómez"
Osváldo Fresedo ; Roberto Ray,Osvaldo Fresedo,Roberto Ray
Unknown ; Cristian Vasile,,
"Orquesta Tipica Victor ; Jose Bohr, Choir",Orquesta Típica Víctor,"José Bohr, -unspecified female-"
"Edgardo Donato ; Romeo Gavioli, Lita Morales",Edgardo Donato,"Lita Morales, Romeo Gavioli"
Ferrazzano-Verdu ; Instrumental,"Agesilao Ferrazzano, Quintin Verdú",
Francisco Pracanico ; Instrumental,Francisco Pracánico,-
Rene Pesenti ; Alberto,René Pesenti,
Hugo del Carril ; Instrumental,José Libertella,
Orquesta Escuela de Tango ; Instrumental,Orquesta Escuela de tango,-
"Edgardo Donato ; Roberto Morel, Raul Angelo",Edgardo Donato,"Roberto Morel, Raúl Angelo"
Osvaldo Fresedo ; Antonio Buglione,Osvaldo Fresedo,Antonio Buglione
Alfredo Gobbi ; Ángel Díaz,Alfredo J. Gobbi,Ángel Díaz
Lucio Demare ; Carlos Bernal,Lucio Demare,Carlos Bernal
Osváldo Pugliese ; Alberto Morán,Osvaldo Pugliese,Alberto Morán
Vicente Loduca ; Instrumental,Vicente Loduca,
Oswaldo Bercas ; Instrumental,,-
Koop ; Instrumental,,
"Roberto Firpo ; Carlos A. Varela, Enrique Forte",Roberto Firpo,"Carlos A. Varela, Enrique Forte"
Francisco Canaro ; Isabel Grana,Francisco Canaro,Isabel De Grana
Orquesta Tipica Victor ; Eugenio Viñas,Orquesta Típica Víctor,
Orquesta Tipica Porteña (Orquesta De RCA Victor) ; Roberto Diaz,Orquesta Típica Porteña,Roberto Díaz
Osváldo Fresedo ; Héctor Pacheco,Osvaldo Fresedo,Héctor Pacheco
Jorge Caldara ; Instrumental,Jorge Caldara,-
Manuel Romeo ; Unknown,Manuel Romeo,-unspecified male-
"Edgardo Donato ; Antonio Maida, Randona",Edgardo Donato,"Antonio Maida, Randona"
Orquesta Tipica Brunswick ; Instrumental,Orquesta Típica Brunswick,-
Eva Bohr ; Instrumental,,-
Orquesta Tipica Victor ; Rosita Quiroga,,Rosita Quiroga
Sexteto Tango ; Instrumental,Sexteto Tango,-
Jose Sala ; Ricardo Rojas,José Sala,Ricardo Rojas
Orquesta Tipica Victor ; Charlo,Ciriaco Ortiz,Charlo
Trio Argentino (Irusta-Fugazot-Demare) ; Roberto Fugazot,Trío Argentino,
"Bachicha ; Emilia Garcia, Roberto Maida",Bachicha,"Roberto Maida, Emilia García"
Pedro Laurenz ; Alberto Del Campo,Pedro Laurenz,Alberto Del Campo
Orquesta Tipica Victor (OTV) ; Vicente Crisera,Orquesta Típica Víctor,Vicente Crisera
Carlos Vincente Geroni Flores ; Unknown,Carlos Vicente Geroni Flores,-
Orquesta Granja Royal ; Carmen Aubert,,Carmelita Aubert
Hector Varela ; Carlos Yanel,Héctor Varela,Carlos Yanel
Anibal Troilo ; Francisco Fiorentino,Aníbal Troilo,Francisco Fiorentino
Angel D'Agostino ; Raul Aldao,Ángel D'Agostino,Raúl Aldao
Ariel Ramírez ; Instrumental,Ariel Ramírez,-
Juan D'Arienzo ; Carlos Dante,Juan D'Arienzo,Carlos Dante
Felice Verrecchia ; Instrumental,,
"Francisco Canaro ; Alberto Arenas, Enrique Lucero",Francisco Canaro,"Enrique Lucero, Alberto Arenas"
Orquesta Típica Brunswick ; Luis Díaz,Orquesta Típica Brunswick,Luis Díaz
Juan D'Arienzo ; Alberto Reynal,Juan D'Arienzo,Alberto Reynal
"Carlos Di Sarli ; Roberto Florio, Jorge Duran",Carlos Di Sarli,"Jorge Durán, Roberto Florio"
Carlos Di Sarli ; Agustín Volpe,Carlos Di Sarli,Agustín Volpe
Antonio Rodio ; Alberto Serna,Antonio Rodio,Alberto Serna
Jaime Wilensky ; Ramiro Gallo,"Andrés Linetzky, Jaime Wilensky",
Orquesta Tipica Victor ; Dorita Davis,Orquesta Típica Víctor,Dorita Davis
Osvaldo Fresedo ; Hector Pacheco,Osvaldo Fresedo,Héctor Pacheco
Manuel Pizarro ; Alina Da Silva,Manuel Pizarro,
Roberto Grela ; Nelly Omar,-unspecified guitars-,Nelly Omar
Donato Racciatti ; Miguel Angel Maidana,Donato Racciatti,Miguel Ángel Maidana
Bajofondo Tango Club ; Juan Subira,,
Enrique Rodríguez ; Roberto Flores,Enrique Rodríguez,Roberto Flores
Enrique Mora ; Diana Duran,Enrique Mora,Diana Duran
Angel D'Agostino ; Angel Vargas,Ángel D'Agostino,Ángel Vargas
Eduardo Del Piano ; Ruben Grillo,Eduardo Del Piano,Rubén Grillo
Roberto Firpo ; Ignacio Murillo,Roberto Firpo,Alberto Diale
Osváldo Fresedo ; Agustin Magaldi,Osvaldo Fresedo,Agustín Magaldi
Orquesta Tipica Victor ; Ernesto Fama,Orquesta Típica Víctor,Ernesto Famá
Lorenzo Barbero ; Osvaldo Ribo,Lorenzo Barbero,Osvaldo Ribó
"Rodolfo Biagi ; Hugo Duval, Carlos Heredia",Rodolfo Biagi,"Carlos Heredia, Hugo Duval"
Ángel Condercuri ; Alberto Castillo,Jorge Dragone,Alberto Castillo
Osmar Maderna ; Adolfo Rivas,Osmar Maderna,Adolfo Rivas
"Alfredo De Angelis ; Juan Carlos Godoy, Oscar Larroca",Alfredo De Angelis,"Juan Carlos Godoy, Oscar Larroca"
Federico Aubele ; Evita,,
"Ernesto Baffa, Osváldo Berlingieri ; Roberto Goyeneche",,Roberto Goyeneche
Armando Lacava ; Angel Vargas,Armando Lacava,Ángel Vargas
Pippo Rache ; Instrumental,,-
"Osváldo Pugliese ; Juan Carlos Cobos, Alberto Morán",Osvaldo Pugliese,"Juan Carlos Cobos, Alberto Morán"
Lucio Demare ; Héctor Alvarado,Lucio Demare,Héctor Alvarado
Horacio Salgán ; Roberto Goyeneche,Horacio Salgán,Roberto Goyeneche
Alfredo Gobbi ; Angel Diaz,,Ángel Díaz
"Roberto Firpo ; Carlos A. Varela, Choir",Roberto Firpo,Carlos A. Varela
Donato Racciatti ; Olga Delgrossi,Donato Racciatti,Olga Delgrossi
"Osváldo Pugliese ; Abel Córdoba, Adrián Guida",Osvaldo Pugliese,"Abel Córdoba, Adrián Guida"
Orquesta Tipica Victor ; Fernando Diaz,Orquesta Típica Víctor,Fernando Díaz
Roberto Firpo ; Principe Azul,Roberto Firpo,Príncipe Azul
Miguel Calo ; Jorge Ortiz,Miguel Caló,Jorge Ortiz
Orquesta Coca Cola (Carlos Demaria) ; Azucena Maizani,Orquesta Típica Coca-Cola,Azucena Maizani
Juan Cao ; Nina Miranda,Juan Cao,Nina Miranda
"Ricardo Tanturi ; Osvaldo Ribó, Roberto Videla",Ricardo Tanturi,"Osvaldo Ribó, Roberto Videla"
Hector Varela ; Jorge Rolando,Héctor Varela,
Orquesta Tipica Victor ; Francisco Fiorentino,Orquesta Típica Víctor,Francisco Fiorentino
Enrique Mora ; Pedro De Luca,Enrique Mora,Pedro De Luca
Unknown ; Gion,,
Florindo Sassone ; Ángel Díaz,Florindo Sassone,Ángel Díaz
Orquesta Tipica Del Maestro Flores ; Instrumental,,-
Les Loups (Oscar Aleman) ; Instrumental,,-
Daniel Melingo ; Tito Molina,Daniel Melingo,
Carlos Di Sarli ; Instrumental,Carlos Di Sarli,-
Francisco Canaro ; Luis Díaz,Francisco Canaro,"Luis Díaz, -choir-"
Imperio Argentina ; Imperio Argentina,-unspecified guitars-,Imperio Argentina
"Carlos Di Sarli ; Jorge Duran, Roberto Florio",Carlos Di Sarli,"Jorge Durán, Roberto Florio"
Fernández Fierro ; Instrumental,Orquesta Típica Fernández Fierro,-
José Soler ; Instrumental,,-
Unknown ; Azucena Maizani,,Azucena Maizani
Juan Carlos Cobian ; Jose Balbi,Juan Carlos Cobián,José Balbi
"Alfredo De Angelis ; Juan Carlos Godoy, Roberto Mancini",Alfredo De Angelis,"Juan Carlos Godoy, Roberto Mancini"
"Osvaldo Pugliese ; Jorge Maciel, Miguel Montero",Osvaldo Pugliese,"Jorge Maciel, Miguel Montero"
Rodríguez Alba ; Instrumental,,-
Osváldo Pugliese ; Ricardo Medina,Osvaldo Pugliese,Ricardo Medina
Bachicha ; Juan Raggi,Bachicha,Juan Raggi
Gotan Project ; Instrumental,Gotan Project,
Juan Sanchez Gorio ; Osvaldo Bazan,Juan Sánchez Gorio,Osvaldo Bazán
Orquesta Típica Los Provincianos ; Luis Díaz,Los Provincianos,Luis Díaz
Orquesta Tipica Victor (OTV) ; Luis Diaz,Orquesta Típica Víctor,Luis Díaz
Ángel D'Agostino ; Tino García,Ángel D'Agostino,Tino García
Roberto Calo ; Azucena Maizani,Roberto Caló,Azucena Maizani
Orquesta Tipica Victor ; Oscar Ugarte,Orquesta Típica Víctor,Oscar Ugarte
Orquesta Tipica Victor ; Armando Sentous,Orquesta Típica Víctor,
"Francisco Lauro ; A. Oliver, Alberto Ortiz",Francisco Lauro,
La Tubatango ; Instrumental,Los Tubatango,-
Dante Puricelli ; Instrumental,Dante Puricelli,-
Bachicha ; Instrumental,Bachicha,-
Rene Pesenti ; Instrumental,René Pesenti,
Duo Fresedo-Rodriguez ; Instrumental,Osvaldo Fresedo,-
Carlos Di Sarli ; Carlos Di Sarli,Carlos Di Sarli,Carlos Di Sarli
Orquesta Tipica Victor ; Principe Azul,Orquesta Típica Víctor,Príncipe Azul
Color Tango ; Roberto Decarre,Color Tango,
Miguel Orlando ; Instrumental,Miguel Orlando,
Orquesta Escuela De Tango ; Instrumental,Orquesta Escuela de tango,-
Juan Félix Maglio ; Instrumental,Juan Félix Maglio,-
Otto Dobrindt ; Instrumental,,-
"Unknown ; Mercedes Simone, Charlo",-unspecified guitars-,"Charlo, Mercedes Simone"
Pedro Laurenz ; Instrumental,Pedro Laurenz,-
Horacio Salgán ; Ángel Díaz,Horacio Salgán,"Ángel Díaz, Roberto Goyeneche"
Juan Carlos Cobian ; Unknown,Juan Carlos Cobián,Genaro Veiga
Roberto Goyeneche ; Roberto Goyeneche,Néstor Marconi,Roberto Goyeneche
Mariano Mores ; Coral Mancuso,Mariano Mores,-
Eduardo Bianco ; Instrumental,Eduardo Bianco,-
"Tano Genaro ; Cesar Alberu, Bustamante",Genaro Esposito,
Jorge Dragone ; Argentino Ledesma,Jorge Dragone,Argentino Ledesma
Trio Ferrazzano-Iriarte-Pesoa ; Instrumental,,-
Orquesta Tipica Victor (OTV) ; Instrumental,Orquesta Típica Víctor,-
Aníbal Troilo ; Carlos Olmedo,Aníbal Troilo,Carlos Olmedo
Kapelle Merton ; Instrumental,,
Alfredo De Angelis ; Floreal Ruíz,Alfredo De Angelis,"Floreal Ruíz, Néstor Rodi"
Juan Sanchez Gorio ; Luis Mendoza,Juan Sánchez Gorio,Luis Mendoza
Anibal Troilo ; Elba Beron,Aníbal Troilo,Elba Berón
Florindo Sassone ; Carlos Malbrán,Florindo Sassone,Carlos Malbrán
Juan De Dios Filiberto ; Instrumental,Juan de Dios Filiberto,-
"Romeo Gavioli ; Romeo Gavioli, Freddy",Romeo Gavioli,Romeo Gavioli
"Francisco Lomuto ; Jorge Omar, Celly Brian",Francisco Lomuto,"Cerry Brian, Jorge Omar"
Ousmane Toure ; Unknown,,
Florindo Sassone ; Andres Peyro,Florindo Sassone,Andrés Peyró
Ricardo Pedevilla ; Instrumental,Ricardo Pedevilla,-
Trio Odeon ; Instrumental,,
"Orquesta Típica Víctor ; Juan Carlos Delson, Roberto Díaz",Orquesta Típica Víctor,"Juan Carlos Delson, Roberto Díaz"
Elvino Vardaro ; Instrumental,Elvino Vardaro,-
Edelmiro D'Amario ; Ángel Vargas,Edelmiro D'Amario,Ángel Vargas
"Edgardo Donato ; Horacio Lagos, Romeo Gavioli",Edgardo Donato,"Horacio Lagos, Romeo Gavioli"
Carlos Di Sarli ; Mercedes Carne,Carlos Di Sarli,Mercedes Carné
La Chicana ; Dolores Solá,,-unspecified female-
Carlos Figari ; Edmundo Rivero,Carlos Figari,Edmundo Rivero
"Trio Argentino (Irusta-Fugazot-Demare) ; Agustin Irusta, Roberto Fugazot",Lucio Demare,"Agustín Irusta, Roberto Fugazot"
Auguste Jean Pesenti ; Instrumental,A. J. Pesenti,-
Atilio Stampone ; Roberto Goyeneche,,Roberto Goyeneche
Roberto Firpo ; Instrumental,Roberto Firpo,-
Francisco Lomuto ; Miguel Montero,Francisco Lomuto,Miguel Montero
"Bachicha ; Mademoiselle Asprella, Juan Raggi",Bachicha,"Juan Raggi, Teresita Asprella"
"Aníbal Troilo ; Raúl Berón, Jorge Casal",Aníbal Troilo,"Raúl Berón, Jorge Casal"
Osváldo Fresedo ; Carlos Roldán,Osvaldo Fresedo,Carlos Roldán
"Federico Mizrahi ; Guilliermo Fernández, Ligia Piro",,
Los Provincianos (Ciriaco Ortiz) ; Luis Diaz,Los Provincianos,Luis Díaz
Roberto Zerrillo ; Jorge Cardozo,Roberto Zerrillo,Jorge Cardozo
Osváldo Fresedo ; Carlos Barrios,Osvaldo Fresedo,Carlos Barrios
Al Di Meola ; Instrumental,,
Bajofondo Tango Club ; Instrumental,,-
Manuel Buzon ; Osvaldo Moreno,Manuel Buzón,Osvaldo Moreno
Julio De Caro ; Pedro Lavea,Julio De Caro,Pedro Lauga
"Edgardo Donato, Roberto Zerrillo ; Luis Diaz","Edgardo Donato, Roberto Zerrillo",Luis Díaz
Miguel Caló ; Jorge Ortiz,Miguel Caló,Jorge Ortiz
Ricardo Tanturi ; Enrique Campos,Ricardo Tanturi,Enrique Campos
Osmar Maderna ; Héctor De Rosas,Osmar Maderna,Héctor De Rosas
Enrique Rodríguez ; Armando Moreno,Enrique Rodríguez,Armando Moreno
Julian Fuhs ; Instrumental,Julian Fuhs,
Francisco Canaro ; Choir,Francisco Canaro,-choir-
Roberto Cuenca ; Instrumental,,-
"Anibal Troilo ; Amadeo Mandarino, Francisco Fiorentino",Aníbal Troilo,"Amadeo Mandarino, Francisco Fiorentino"
Francisco Canaro ; Nelly Omar,Francisco Canaro,Nelly Omar
Unknown ; Ibrahim Özgür,,Ibrahim Özgür
Julio De Caro ; Felix Gutierez,Julio De Caro,Félix Gutiérrez
Miguel Calo ; Roberto Rufino,Miguel Caló,Roberto Rufino
Osvaldo Fresedo ; Juan Carlos Thorry,Osvaldo Fresedo,Juan Carlos Thorry
"Francisco Canaro ; Enrique Lucero, Alberto Arenas",Francisco Canaro,"Enrique Lucero, Alberto Arenas"
"Domingo Federico, Atilio Stampone ; Instrumental","Domingo Federico, Atilio Stampone",
Ricardo Tanturi ; Alberto Guzman,Ricardo Tanturi,Alberto Guzmán
Francisco Alongi ; Luis Scalon,Francisco Alongi,Luis Scalón
Miguel Calo ; Raul Ledesma,Miguel Caló,Raúl Ledesma
Jorge Dragone ; Alberto Castillo,Jorge Dragone,Alberto Castillo
Angel D'Agostino ; Tino García,Ángel D'Agostino,Tino García
Roberto Calo ; Enrique Campos,Roberto Caló,Enrique Campos
Los Ases Del Tango ; Instrumental,,-
Daniel García,,-
Mario Demarco ; Jorge Sobral,Mario Demarco,Jorge Sobral
Pippo Racho ; Instrumental,Pippo Racho,-
Ricardo Tanturi ; Carlos Ortega,Ricardo Tanturi,Carlos Ortega
Bajofondo Tango Club ; Bajofondo Tango Club,,
Pedro Maffia ; Francisco Fiorentino,Pedro Maffia,Francisco Fiorentino
Valentin Romero ; Instrumental,,-
Miguel Caló ; Roberto Arrieta,Miguel Caló,Roberto Arrieta
Florindo Sassone ; Instrumental,Florindo Sassone,-
Orquesta Típica Porteña ; Instrumental,Orquesta Típica Porteña,-
"Edgardo Donato ; Hugo Del Carril, Randona",Edgardo Donato,"Randona, Hugo del Carril"
Osváldo Pugliese ; Hernán Salinas,Osvaldo Pugliese,Hernán Salinas
Mariano Mores ; Enrique Lucero,Mariano Mores,Enrique Lucero
Alfredo Gobbi ; Tito Landó,Alfredo J. Gobbi,Tito Landó
Las Bordonas ; Nacho Cedrún,Las Bordonas,-unspecified male-
"Juan Félix Maglio ; José E. Galarza, Carlos Viván",Juan Félix Maglio,"José E. Galarza, Carlos Viván"
Osvaldo Pugliese ; Alfredo Belusi,Osvaldo Pugliese,Alfredo Belusi
"Osváldo Pugliese ; Jorge Maciel, Alfredo Belusi",Osvaldo Pugliese,"Alfredo Belusi, Jorge Maciel"
Roberto Firpo ; Roberto Diaz,Roberto Firpo,Roberto Díaz
Pedro Laurenz ; Jorge Linares,Pedro Laurenz,Jorge Linares
Miguel Caló ; Raúl Iriarte,Miguel Caló,Raúl Iriarte
Francisco Canaro ; Guillermo Rico,Francisco Canaro,Guillermo Rico
Miguel Calo ; Luis Tolosa,Miguel Caló,Luis Tolosa
Angel D'Agostino ; Ruben Cane,Ángel D'Agostino,Rubén Cané
Unknown ; Juan Carlos Marambio Catan,,Juan Carlos Marambio Catán
Unknown ; Sabina Olmos,Orquesta Típica Víctor,Sabina Olmos
Orquesta Ramón ; Instrumental,,-
Francisco Canaro ; Eduardo Adrian,Francisco Canaro,Eduardo Adrián
"Hector Varela ; Armando Laborde, Rodolfo Lesica",Héctor Varela,"Armando Laborde, Rodolfo Lesica"
Raúl Garello ; Roberto Goyeneche,,Roberto Goyeneche
Electrocutango ; Instrumental,,-
"Alberto Alonso, Enrique ""Minotto"" Di Cico ; Instrumental","Alberto Alonso, Minotti Di Cicco",-
Juan D'Arienzo ; Jorge Valdez,Juan D'Arienzo,Jorge Valdez
Enrique Rodríguez ; Omar Quiroz,Enrique Rodríguez,Omar Quiroz
Luis Caruso ; Instrumental,Luis Caruso,
Otros Aires ; Instrumental,Otros Aires,-
"Julio De Caro ; Roberto Medina, Roberto Taibo",Julio De Caro,"Roberto Medina, Roberto Taibo"
Brodman-Alfaro ; Cesar Alberu,Orquesta Típica Brodman-Alfaro,César Alberú
Earth Wheel Sky Band ; Unknown,,
Unknown ; Jean Moscopol,,Jean Moscopol
Carlos Gardél ; Carlos Gardél,"Enrique Francini, Armando Pontier",
Los Virtuosos ; Instrumental,Quinteto Los virtuosos,-
Osváldo Pugliese ; Alfredo Belusi,Osvaldo Pugliese,Alfredo Belusi
Feliciano Brunelli ; Hector Juncal,Feliciano Brunelli,Héctor Juncal
Alfredo Gobbi ; Pablo Lozano,Alfredo J. Gobbi,Pablo Lozano
Cristobal Herrero ; Rodolfo Diaz,Cristóbal Herreros,Rodolfo Diaz
Antonio Di Paulo ; Alberto Marino,,Alberto Marino
Orquesta Tipica Andreoni ; Principe Azul,,Príncipe Azul
Orquesta Tipica Sondor (Racciatti) ; Luis Alberto Fleitas,,Luis Alberto Fleitas
Irusta-Fugazot-Demare ; Instrumental,Jorge Caldara,"Carlos Montalvo, Miguel Martino"
Osvaldo Pugliese ; Alberto Moran,Osvaldo Pugliese,Alberto Morán
"Pedro Laurenz ; Carlos Bermúdez, Jorge Linares",Pedro Laurenz,"Carlos Bermúdez, Jorge Linares"
Orquesta Tipica Victor ; Antonio Buglione,Orquesta Típica Víctor,Antonio Buglione
Pedro Maffia ; Carlos Vivan,Pedro Maffia,Carlos Viván
Miguel Calo ; Roman Prince,Miguel Caló,Roman Prince
Jose Sala ; Instrumental,José Sala,-
Roberto Caló ; Instrumental,Juan D'Arienzo,-
Osváldo Pugliese ; Miguel Montero,Osvaldo Pugliese,Miguel Montero
Raul Kaplun ; Reynaldo Arias,Raúl Kaplún,
Carlos Di Sarli ; Mario Pomar,Carlos Di Sarli,Mario Pomar
Orquesta Típica Víctor ; Ángel Vargas,Orquesta Típica Víctor,Ángel Vargas
Rodolfo Biagi ; Andrés Falgás,Rodolfo Biagi,Andrés Falgás
Antonio Sureda ; Instrumental,Antonio Sureda,-
Osvaldo Pugliese ; Jorge Vidal,Osvaldo Pugliese,Jorge Vidal
"Francisco Lomuto ; Fernando Diaz, Mercedes Simone",Francisco Lomuto,"Fernando Díaz, Mercedes Simone"
Yira ; Mariano Rucci,,-unspecified male-
Bajofondo Tango Club ; Mala Rodriguez,,
Hermanos Ricardo ; Tani Zerja,,Tani Zerja
"Unknown ; Asmahan, Farid",,
"Juan Cruz Mateo ; Catán, Vega",Juan Cruz Mateo,-unspecified male-
Unknown ; Tita Galatro,,Tita Galatro
Jose Basso ; Instrumental,José Basso,Alfredo del Río
Orquesta Tipica Argentina ; Celia Gamez,,Celia Gámez
Osváldo Fresedo ; Teófilo Ibañez,Osvaldo Fresedo,Teofilo Ibañez
Orquesta Tipica Victor ; Juan Carlos Delson,Orquesta Típica Víctor,Juan Carlos Delson
Los Reyes Del Compas ; Instrumental,,-
Horacio Salgán ; Horacio Deval,Horacio Salgán,Horacio Deval
"Osváldo Pugliese ; Jorge Maciel, Abel Córdoba",Osvaldo Pugliese,"Abel Córdoba, Jorge Maciel"
Osváldo Pugliese ; Guillermo Galve,Osvaldo Pugliese,Guillermo Galvé
Francisco Canaro ; Alberto Arenas,Francisco Canaro,Alberto Arenas
"Mariano Mores ; Carlos Acuña, Choir",Mariano Mores,"Carlos Acuña, -choir-"
Mariano Mores ; Antonio Prieto,Mariano Mores,Antonio Prieto
Florindo Sassone ; Jorge Casal,Florindo Sassone,Jorge Casal
Antonio Bonavena ; Nicolas Gianastasio,Antonio Bonavena,Nicolás Gianastasio
Edgardo Donato ; Carlos Vivan,Edgardo Donato,Carlos Viván
Carlos Marcucci ; Teofilo Ibañez,Carlos Marcucci,Teofilo Ibañez
Angel Condercuri ; Alberto Castillo,Ángel F. Condercuri,Alberto Castillo
Edgardo Donato ; Juan Alessio,Edgardo Donato,Jorge Ortiz
Ricardo Tanturi ; Instrumental,Ricardo Tanturi,-
Pedro Maffia ; Rafael Cisca,Pedro Maffia,Rafael Cisca
Juan Félix Maglio ; Fernando Díaz,Juan Félix Maglio,
Miguel Villasboas ; Antonio Amado,Miguel Villasboas,Julian Miro
Federico Aubele ; Sumaia,,
Osváldo Pugliese ; Unknown,Osvaldo Pugliese,-unspecified male-
Juan D'Arienzo ; Roberto Lemos,Juan D'Arienzo,Roberto Lemos
Cristobal Herrero ; Ana Maria,Cristóbal Herreros,
Angel D'Agostino ; Ricardo Ruiz,Ángel D'Agostino,Ricardo Ruiz
Alfredo Gobbi ; Alfredo Del Río,Alfredo J. Gobbi,Alfredo del Río
Los Tubatango ; Instrumental,Los Tubatango,-
Orquesta Tipica Porteña (Orquesta De RCA Victor) ; Instrumental,Orquesta Típica Porteña,-
Edgardo Donato ; Roberto Morel,Edgardo Donato,Roberto Morel
Pedro Maffia ; Instrumental,Pedro Maffia,-
"Juan Cruz Mateo ; Juan Carlos Marambio Catan, Vega",Juan Cruz Mateo,
Duo Maffia-Laurenz ; Instrumental,"Pedro Laurenz, Pedro Maffia",-
"Carlos Di Sarli ; Jorge Duran, Bob Toledo",Carlos Di Sarli,"Jorge Durán, Bob Toledo"
Julio Espindola ; Carlos Dumas,,
Orquesta Tipica Brunswick ; Luis Diaz,Orquesta Típica Brunswick,Luis Díaz
Eduardo Bianco ; Manuel Bianco,Eduardo Bianco,
"Edgardo Donato ; Horacio Lagos, Lita Morales, Romeo Gavioli",Edgardo Donato,"Horacio Lagos, Lita Morales, Romeo Gavioli"
Bachicha ; Alberto Arena,Bachicha,Alberto Larena
Juan Felix Maglio ; R. Basso,Juan Félix Maglio,Roberto Basso
Rafael Canaro ; Ricardo Duarte,Rafael Canaro,Ricardo Duarte
Unknown ; Tino Rossi,,Tino Rossi
Osvaldo Fresedo ; Carlos Roldan,Osvaldo Fresedo,Carlos Roldán
Mario Demarco ; Raul Quiros,Mario Demarco,Raúl Quiroz
Miguel Calo ; Carlos Roldan,Miguel Caló,Carlos Roldán
Los Astros Del Tango ; Instrumental,Los Astros del Tango,-
Federico Aubele ; Federico Aubele,,
Francisco Lomuto ; Carmencita Del Moral,Francisco Lomuto,Carmen Del Moral
Hugo Diaz ; Instrumental,Hugo Díaz,
Feliciano Brunelli ; Alberto Radames,Feliciano Brunelli,Alberto Radamés
"Feliciano Brunelli ; Oscar Valeta, Alberto Radames",Feliciano Brunelli,"Alberto Radamés, Oscar Valeta"
Luis Visca ; Instrumental,Luis Nicolas Visca,
Francisco Lomuto ; Fernando Díaz,Francisco Lomuto,Fernando Díaz
"Edgardo Donato ; Lita Morales, Horacio Lagos",Edgardo Donato,"Horacio Lagos, Lita Morales"
Pedro Maffia ; Luis Diaz,Pedro Maffia,Luis Díaz
Alfredo De Angelis ; Roberto Florio,Alfredo De Angelis,Roberto Florio
Gotan Project ; Cristina Vilallonga,Gotan Project,
"Daniel Melingo ; Daniel Melingo, Fabiana Cantilo",Daniel Melingo,Daniel Melingo
Charlo ; Charlo,,Charlo
Francisco Lomuto ; Jorge Torres,Francisco Lomuto,Jorge Torres
Rafael Canaro ; Instrumental,Rafael Canaro,-
Miguel Calo ; Instrumental,Miguel Caló,-
Hector Stamponi ; Libertad Lamarque,Héctor Stamponi,Libertad Lamarque
Mariano Mores ; Instrumental,Mariano Mores,-
"Enrique Francini, Armando Pontier ; Alberto Podesta","Enrique Francini, Armando Pontier",Alberto Podestá
Alfredo Gobbi ; Tito Lando,Alfredo J. Gobbi,Tito Landó
Manuel Romeo ; Instrumental,Manuel Romeo,-
Francisco Rotundo ; Enrique Campos,Francisco Rotundo,Enrique Campos
Donato Racciatti ; Instrumental,Donato Racciatti,-
"Fernández Fierro ; Walter ""Chino"" Laborde",Orquesta Típica Fernández Fierro,-unspecified male-
Los Solistas De Juan D'Arienzo ; Walter Gutierrez,Los Solistas de D'Arienzo,Walter Gutiérrez
Marek Weber ; Instrumental,Marek Weber,
Orquesta Típica Víctor ; Mario Pomar,Orquesta Típica Víctor,Mario Pomar
Mario Melfi ; Veran,,
Federico Aubele ; Gonzalo Garces,,
Florindo Sassone ; Mario Bustos,Florindo Sassone,Mario Bustos
Francisco Canaro ; Ada Falcón,Francisco Canaro,Ada Falcón
Osváldo Pugliese ; María Graña,Osvaldo Pugliese,María Graña
Yira ; Tina Haus,,-unspecified female-
Oscar Castagnaro ; Roberto Florio,Oscar Castagniaro,Roberto Florio
"Alfredo Gobbi ; Alfredo Del Rio, Tito Lando",Alfredo J. Gobbi,"Alfredo del Río, Tito Landó"
Carlos Di Sarli ; Ernesto Fama,Carlos Di Sarli,Ernesto Famá
"Francisco Canaro ; Ernesto Fama, Choir",Francisco Canaro,Ernesto Famá
Julio Arregui ; Alberto Rivero,,
Alberto Mancione ; Hector Alvarado,Alberto Mancione,Héctor Alvarado
Julio Pollero ; Enrique Ozedi,Julio Pollero,
Mariano Mores ; Hugo Marcel,Mariano Mores,Hugo Marcel
Francisco Canaro ; Carlos Roldán,Francisco Canaro,Carlos Roldán
Osvaldo Pugliese ; Juan Carlos Cobos,Osvaldo Pugliese,Juan Carlos Cobos
Tangothic ; Instrumental,,
Aníbal Troilo ; Raúl Berón,Aníbal Troilo,Raúl Berón
Bajofondo Tango Club ; Nelly Furtado,,
Francisco Rotundo ; Floreal Ruiz,Francisco Rotundo,Floreal Ruíz
Carlos Di Sarli ; Roberto Deirene,Carlos Di Sarli,Roberto Dierene
Miguel Rosario ; Instrumental,,
Adolfo Carabelli ; Alberto Gomez,Adolfo Carabelli,Alberto Gómez
Horacio Salgan ; Roberto Goyeneche,Horacio Salgán,Roberto Goyeneche
Cayetano Puglisi ; Roberto Diaz,Cayetano Puglisi,Roberto Díaz
Auguste Jean Pesenti ; Rosette Guy,A. J. Pesenti,
Rodolfo Biagi ; Teofilo Ibañez,Rodolfo Biagi,Teofilo Ibañez
Orquesta Tipica Victor (OTV) ; Alberto Gomez,Orquesta Típica Víctor,Alberto Gómez
"Federico Mizrahi ; Walter ""Chino"" Laborde, Karina Beorlegui",,
Osvaldo Fresedo ; Carlos Mayel,Osvaldo Fresedo,Carlos Mayel
Pedro Laurenz ; Alberto Fuentes,Pedro Laurenz,Alberto Fuentes
Osváldo Fresedo ; Instrumental,Osvaldo Fresedo,-
Juan Cao ; Alberto Bianchi,Juan Cao,
Luis Petrucelli ; Instrumental,Luis Petrucelli,-
Orquesta Tipica Victor ; Choir,Orquesta Típica Víctor,-choir-
Jose Tinelli ; Hector Acosta,José Tinelli,Héctor Acosta
Francisco Canaro ; Carlos Roldan,Francisco Canaro,Carlos Roldán
Sexteto Mayor ; Instrumental,Sexteto Mayor,-
"Ciriaco Ortiz, Ubaldo De Lio ; Instrumental","Ciriaco Ortiz, Ubaldo Aquiles De Lio",-
Alfredo Attadia ; Instrumental,Alfredo Attadía,
Unknown ; Titi Botez,,Titi Botez
"Edgardo Donato, Roberto Zerrillo ; Agustin Magaldi","Edgardo Donato, Roberto Zerrillo",Agustín Magaldi
Unknown ; Hector Palacios,-unspecified guitars-,Héctor Palacios
Ciriaco Ortiz ; Alberto Gomez,Los Provincianos,Alberto Gómez
"Eduardo Bianco, Bachicha ; Eduardo Bianco","Eduardo Bianco, Bachicha",-unspecified male-
Jose Soler ; Instrumental,,-
Chucho Zarzosa ; Libertad Lamarque,,Libertad Lamarque
Los Solistas De Juan D'Arienzo ; Alberto Echague,Los Solistas de D'Arienzo,-unspecified male-
Julio De Caro ; Agustin Volpe,Julio De Caro,Agustín Volpe
Ensemble Vale Tango ; Víctoria Moran,Orquesta Vale Tango,Victoria Morán
"Emilio Pellejero ; Anita Mendy, Enalmar de Maria",Emilio Pellejero,Anita Mendy
Esteban Morgado ; Instrumental,Esteban Morgado,-
Osvaldo Fresedo ; Ernesto Fama,Osvaldo Fresedo,Ernesto Famá
Francisco Lomuto ; Charlo,Francisco Lomuto,Charlo
Anselmo Aieta ; Unknown,Anselmo Aieta,Luis Scalón
Carlos Burgos ; Instrumental,,-
Sexteto Los Mendocinos ; Instrumental,,-
Pedro Maffia ; Pedro Lauga,Pedro Maffia,Pedro Lauga
Emilio Pellejero ; Enalmar de Maria,Emilio Pellejero,
Ma Numminen ; Instrumental,,
Orquesta Popular Dacapo ; Instrumental,,-
"Rodolfo Biagi ; Carlos Heredia, Hugo Duval",Rodolfo Biagi,"Carlos Heredia, Hugo Duval"
Trio Argentino (Irusta-Fugazot-Demare) ; Unknown,,
Bayo-Moreno ; Instrumental,,-
Julio De Caro ; Instrumental,Julio De Caro,-
Mercedes Simone Con Su Quinteto Tipico ; Mercedes Simone,,Mercedes Simone
Orquesta Ases Del Tango ; Raul Lavie,,Raúl Lavié
Rodolfo Biagi ; Alberto Amor,Rodolfo Biagi,Alberto Amor
Osváldo Fresedo ; Osváldo Cordó,Osvaldo Fresedo,Osvaldo Cordó
Horacio Pettorossi ; Instrumental,Horacio Pettorossi,
Juan D'Arienzo ; Libertad Lamarque,Juan D'Arienzo,Libertad Lamarque
"Eduardo Bianco, Bachicha ; Unknown","Eduardo Bianco, Bachicha",Juan Raggi
Jose Sala ; Carlos Yanel,José Sala,Carlos Yanel
Pedro Maffia ; Roberto Maida,Pedro Maffia,Roberto Maida
Manuel Buzon ; Amadeo Mandarino,Manuel Buzón,Amadeo Mandarino
"Aníbal Troilo ; Floreal Ruíz, Edmundo Rivero",Aníbal Troilo,"Floreal Ruíz, Edmundo Rivero"
Julio De Caro ; Luis Diaz,Julio De Caro,Luis Díaz
Lucio Demare ; Raul Beron,Lucio Demare,Raúl Berón
Unknown ; Imperio Argentina,-unspecified guitars-,Imperio Argentina
"Aníbal Troilo ; Francisco Fiorentino, Alberto Marino",Aníbal Troilo,"Francisco Fiorentino, Alberto Marino"
Manuel Buzón ; Instrumental,Manuel Buzón,-
Miguel Caló ; Alberto Podestá,Miguel Caló,Alberto Podestá
Beto Argo ; Ranko Fujisawa,,Ranko Fujisawa
Ernesto Franco ; Roberto Rufino,Ernesto Franco,Roberto Rufino
Rodolfo Biagi ; Carlos Heredia,Rodolfo Biagi,Carlos Heredia
Orquesta Mercedes Simone ; Mercedes Simone,Roberto Garza,Mercedes Simone
Cuarteto Troilo-Grela ; Instrumental,Cuarteto Troilo-Grela,-
Hector Maria Artola ; Alberto Marino,Héctor María Artola,Alberto Marino
Unknown ; Amanda Ledesma,,Amanda Ledesma
Roberto Firpo ; Alberto Diale,Roberto Firpo,Alberto Diale
Unknown ; Oscar Serpa,-unspecified guitars-,Oscar Serpa
Bachicha ; Emilia Garcia,Bachicha,Emilia García
"Unknown ; D. Evstratiou, Dimitris Philippopoulos",,
Osváldo Pugliese ; Jorge Vidal,Osvaldo Pugliese,Jorge Vidal
"Francisco Canaro ; Eduardo Adrian, Carlos Roldan",Francisco Canaro,"Eduardo Adrián, Carlos Roldán"
Orquesta Típica Víctor ; Mercedes Simone,-unspecified orchestra-,Mercedes Simone
Orquesta Típica Víctor ; Unknown,Orquesta Típica Víctor,Alberto Carol
"Enrique ""Minotto"" Di Cico ; Antonio Buglione",Minotti Di Cicco,Antonio Buglione
"Bachicha ; Teresa Asprella, Juan Raggi",Bachicha,"Juan Raggi, Teresita Asprella"
Donato Racciatti ; Marlene Otero,Donato Racciatti,Marlene Otero
Hector Varela ; Instrumental,Héctor Varela,"Argentino Ledesma, Rodolfo Lesica"
Bajofondo Tango Club ; Lagrima Rios,,
Dionisio Delgado ; Instrumental,,-
Eduardo Del Piano ; Instrumental,Eduardo Del Piano,-
Juan D'Arienzo ; Armando Laborde,Juan D'Arienzo,Armando Laborde
Francisco Canaro; Mario Alonso,Francisco Canaro,Mario Alonso
"Hector Varela ; Ernesto Herrera, Jorge Rolando",Héctor Varela,"Ernesto Herrera, Jorge Rolando"
"Eduardo Bianco, Bachicha ; Emilia García",,Emilia García
Enrique Delfino ; Instrumental,Enrique Delfino,-
Pedro Laurenz ; Alfredo Del Rio,Pedro Laurenz,Alfredo del Río
Julio Arregui ; Carlos Castelar,,
Celestino Ferrer ; Instrumental,Celestino Ferrer,
Julio Arregui ; Celia Franco,,
Federico Aubele ; La Susi,,
Anibal Troilo ; Jorge Casal,Aníbal Troilo,Jorge Casal
Orquesta Victor Popular ; Pedro L. Lauga,Orquesta Victor popular,Pedro Lauga
Unknown ; G. Cestari,,
Jorge Fernandez ; Instrumental,Jorge Fernández,-
Unknown ; Roberto Díaz,"Enrique Francini, Armando Pontier",
Ciriaco Ortiz ; Luis Diaz,Los Provincianos,Luis Díaz
Orquesta Tipica Porteña (Orquesta De RCA Victor) ; Teofilo Ibañez,Orquesta Típica Porteña,Teofilo Ibañez
Juan Polito ; Raul Figueroa,Juan Polito,Raúl Figueroa
Los Provincianos (Ciriaco Ortiz) ; Roberto Diaz,Los Provincianos,Roberto Díaz
"Francisco Canaro ; Guillermo Coral, Alberto Arenas",Francisco Canaro,"Guillermo Rico, Alberto Arenas"
"Hector Varela ; Armando Laborde, Ernesto Herrera",Héctor Varela,"Ernesto Herrera, Armando Laborde"
Hector Varela ; Argentino Ledesma,Héctor Varela,Argentino Ledesma
Jorge Caldera ; Ranko Fujisawa,Jorge Caldara,Ranko Fujisawa
Hector Varela ; Raul Lavie,Héctor Varela,Raúl Lavié
"Osvaldo Pugliese ; Alfredo Belusi, Jorge Maciel",Osvaldo Pugliese,"Alfredo Belusi, Jorge Maciel"
Hybrid Tango ; Instrumental,Tanghetto,-
Aníbal Troilo ; Instrumental,Aníbal Troilo,-
Francisco Canaro ; Charlo,Francisco Canaro,Charlo
"Eduardo Bianco, Bachicha ; Mario Melfi","Eduardo Bianco, Bachicha",
Carlos Di Sarli ; Roberto Florio,Carlos Di Sarli,Roberto Florio
Filipotto-Ariotto ; Instrumental,,-
"Alexis Lalofolias, Thanos Amorginos ; Unknown",,
Orquesta Típica Victor ; Unknown,Orquesta Típica Víctor,Alberto Carol
Roberto Firpo ; Carlos A. Varela,Roberto Firpo,Carlos A. Varela
Luis Petrucelli ; Pedro L. Lauga,Luis Petrucelli,Pedro Lauga
Osvaldo Pugliese ; Mario Alonso,Osvaldo Pugliese,Mario Alonso
"Bachicha ; Emilia Garcia, Teresa Asprella, Luis Scalon",Bachicha,Emilia García
Alberto Mancione ; Angel Varela,Alberto Mancione,Ángel Varela
Carlos Di Sarli ; Oscar Serpa,Carlos Di Sarli,Oscar Serpa
Mario Pardo ; Instrumental,Mario Alberto Pardo,-
Esteban Morgado ; Leon Gieco,Esteban Morgado,-unspecified male-
Eduardo Bianco ; Jose Cohan,Eduardo Bianco,
"Fed