Orquesta Francisco Rotundo con María de la Fuente,Francisco Rotundo,Maria De La Fuente
Orquesta Francisco Canaro con Luis Díaz y coro,Francisco Canaro,Luis Díaz
Orquesta Edgardo Donato con Alberto Aguirre,Edgardo Donato,Alberto Aguirre
Orquesta Típica Victor con Antonio Buglione,Orquesta Típica Víctor,Antonio Buglione
Orquesta Francisco Canaro con Roberto Maida y coro,Francisco Canaro,"Roberto Maida, -choir-"
Orquesta Francisco Canaro con Tita Merello,Francisco Canaro,Tita Merello
Orquesta Edgardo Donato con Teófilo Ibáñez,"Edgardo Donato, Roberto Zerrillo",Teofilo Ibañez
Orquesta Roberto Firpo con Carlos Varela y Enrique Forte,Roberto Firpo,"Carlos A. Varela, Enrique Forte"
Orquesta Julio De Caro con palabras de Héctor Farrell,Julio De Caro,Héctor Farrel
Orquesta Juan D'Arienzo con Juan Carlos Lamas,Juan D'Arienzo,Juan Carlos Lamas
Orquesta Osvaldo Pugliese con Alberto Morán,Osvaldo Pugliese,Alberto Morán
Orquesta Edgardo Donato,Edgardo Donato,-
"Juan Maglio ""Pacho"" - solo de bandoneón",Juan Félix Maglio,-
Orquesta Típica Victor,Orquesta Típica Víctor,-
Rodolfo Biagi,,-
Cuarteto de Aníbal Troilo con Tito Reyes,Aníbal Troilo,Tito Reyes
Orquesta Francisco Canaro con Francisco Fiorentino,Francisco Canaro,Francisco Fiorentino
Orquesta Juan D'Arienzo con Mercedes Serrano,Juan D'Arienzo,Mercedes Serrano
Orquesta Típica Victor con Ángel Vargas,Orquesta Típica Víctor,Ángel Vargas
Orquesta Enrique Rodríguez con Armando Moreno,Enrique Rodríguez,Armando Moreno
Orquesta Francisco Canaro con Agustín Irusta y coro,Francisco Canaro,Agustín Irusta
Orquesta Típica Victor con José Bohr y coro,Orquesta Típica Víctor,José Bohr
Orquesta Francisco Rotundo con Enrique Campos y Floreal Ruiz,Francisco Rotundo,"Enrique Campos, Floreal Ruíz"
Orquesta Aníbal Troilo con Edmundo Rivero y Floreal Ruiz,Aníbal Troilo,"Floreal Ruíz, Edmundo Rivero"
Orquesta Ricardo Malerba con Orlando Medina,Ricardo Malerba,Orlando Medina
Orquesta Julio De Caro con Roberto Quiroga,Julio De Caro,Roberto Quiroga
Orquesta Roberto Firpo con Teófilo Ibáñez,Roberto Firpo,Teofilo Ibañez
Orquesta Alfredo De Angelis con Carlos Dante y Oscar Larroca,Alfredo De Angelis,"Carlos Dante, Oscar Larroca"
Orquesta Florindo Sassone con Andrés Peyró,Florindo Sassone,Andrés Peyró
Orquesta Francisco Canaro con Juan Carlos Rolón y Guillermo Rico,Francisco Canaro,Guillermo Rico
Orquesta Edgardo Donato con Alberto Gómez,Edgardo Donato,Alberto Gómez
Orquesta Adolfo Carabelli con Alberto Gómez y Alberto Vila,Adolfo Carabelli,"Alberto Vila, Alberto Gómez"
Orquesta Osvaldo Fresedo con Hugo Marcel,Osvaldo Fresedo,Hugo Marcel
Orquesta Edgardo Donato con Alberto Podestá,Edgardo Donato,Alberto Podestá
Orquesta Miguel Caló con Raúl Iriarte y Luis Tolosa,Miguel Caló,"Luis Tolosa, Raúl Iriarte"
Orquesta Edgardo Donato con Horacio Lagos y Lita Morales,Edgardo Donato,"Horacio Lagos, Lita Morales"
Orquesta Típica Victor con Jaime Moreno y Lito Bayardo,Orquesta Típica Víctor,"Jaime Moreno, Lito Bayardo"
Miguel Villasboas y Hugo Di Yorio,Miguel Villasboas,-
Orquesta Alfredo De Angelis con Carlos Dante,Alfredo De Angelis,Carlos Dante
Orquesta Edgardo Donato con Romeo Gavio y Lita Morales,Edgardo Donato,"Lita Morales, Romeo Gavioli"
Cuarteto de Aníbal Troilo con Mario Bustos,Aníbal Troilo,
Orquesta Adolfo Carabelli con Alberto Gómez,Adolfo Carabelli,Alberto Gómez
Pedro Laurenz y Pedro Maffia,"Pedro Laurenz, Pedro Maffia",-
Orquesta Francisco Lomuto con Carmencita Del Moral,Francisco Lomuto,Carmen Del Moral
Orquesta Francisco Canaro con Mirna Mores,Francisco Canaro,Mirna Mores
Orquesta Juan D'Arienzo con Alberto Reyal,Juan D'Arienzo,Alberto Reynal
Orquesta Francisco Canaro con Charlo,Francisco Canaro,Charlo
Orquesta Carlos Di Sarli,Carlos Di Sarli,-
Orquesta Roberto Firpo con Miguel Manacorda,Roberto Firpo,Carlos A. Varela
Orquesta Pedro Laurenz con Héctor Farrel,Pedro Laurenz,Héctor Farrel
Orquesta Florindo Sassone con Oscar Macri,Florindo Sassone,Oscar Macri
Orquesta Osmar Maderna con Orlando Verri,Osmar Maderna,Orlando Verri
Orquesta Francisco Canaro con Carlos Galán,Francisco Canaro,Carlos Galán
Orquesta Florindo Sassone,Florindo Sassone,-
Orquesta Juan D'Arienzo con Héctor Mauré,Juan D'Arienzo,Héctor Mauré
Orquesta Francisco Canaro con Guillermo Coral,Francisco Canaro,Guillermo Rico
Orquesta Alfredo De Angelis con Carlos Dante y Julio Martel,Alfredo De Angelis,"Carlos Dante, Julio Martel"
Orquesta Enrique Rodríguez con Fernando Reyes,Enrique Rodríguez,Fernando Reyes
Miguel Villasboas,Miguel Villasboas,-
Orquesta Florindo Sassone con Raúl Lavalle,Florindo Sassone,
"Orquesta Juan Maglio ""Pacho"" con Carlos Viván",Juan Félix Maglio,Carlos Viván
Orquesta Francisco Canaro con Carlos Dante,Francisco Canaro,Carlos Dante
Cuarteto de Aníbal Troilo con Edmundo Rivero,Aníbal Troilo,Edmundo Rivero
Orquesta Típica Porteña Dir. Adolfo Carabelli con Jaime Moreno,Orquesta Típica Porteña,
Orquesta Edgardo Donato con Juan Alessio,Edgardo Donato,Jorge Ortiz
Orquesta Carlos Di Sarli con Jorge Durán,Carlos Di Sarli,Jorge Durán
Orquesta Adolfo Carabelli con Fernando Díaz,Adolfo Carabelli,Fernando Díaz
Orquesta Roberto Firpo con Príncipe Azul,Roberto Firpo,Príncipe Azul
Orquesta Francisco Canaro con Domingo Conte,Francisco Canaro,Domingo Conte
Orquesta Francini - Pontier con Pablo Moreno,"Enrique Francini, Armando Pontier",Pablo Moreno
Orquesta Típica Brunswick con Luis Díaz,Orquesta Típica Brunswick,Luis Díaz
Orquesta Osvaldo Fresedo con coro,Osvaldo Fresedo,-choir-
Orquesta Francisco Lomuto con Jorge Omar y Celly Brian,Francisco Lomuto,"Cerry Brian, Jorge Omar"
Orquesta Osmar Maderna con Héctor Casares y Moreno,"Orquesta Simbolo Osmar Maderna, dir. Aquiles Roggero",Horacio Casares
Orquesta Juan D'Arienzo con Jorge Valdéz,Juan D'Arienzo,Jorge Valdez
Orquesta Rodolfo Biagi con Alberto Lago,Rodolfo Biagi,Alberto Lago
Orquesta Roberto Firpo con Carlos Viván y Héctor Villanueva,Roberto Firpo,"Osvaldo Novarro, Carlos Viván"
Orquesta Adolfo Carabelli con Mercedes Simone,Adolfo Carabelli,Mercedes Simone
Orquesta Miguel Caló con Raúl del Mar y glosas de Héctor Gagliardi,Miguel Caló,"Héctor Gagliardi, Raúl Del Mar"
Orquesta Héctor Varela,Héctor Varela,-
Orquesta Aníbal Troilo con Tito Reyes,Aníbal Troilo,Tito Reyes
Orquesta Alfredo Gobbi con Jorge Maciel y Ángel Díaz,Alfredo J. Gobbi,"Ángel Díaz, Jorge Maciel"
Orquesta Julio De Caro con Pedro Lauga,Julio De Caro,Pedro Lauga
Orquesta Florindo Sassone con Ángel Díaz,Florindo Sassone,Ángel Díaz
Orquesta Francini - Pontier con Raúl Berón y Roberto Rufino,"Enrique Francini, Armando Pontier","Raúl Berón, Roberto Rufino"
Orquesta Lucio Demare con Juan Carlos Miranda,Lucio Demare,Juan Carlos Miranda
Orquesta Típica Victor con Amando Sentous,Orquesta Típica Víctor,
Orquesta Julio De Caro con Félix Gutiérrez,Julio De Caro,Luis Díaz
Orquesta Rodolfo Biagi con Alberto Amor,Rodolfo Biagi,Alberto Amor
Orquesta Osvaldo Fresedo con Héctor Pacheco,Osvaldo Fresedo,Héctor Pacheco
Orquesta Francini - Pontier,"Enrique Francini, Armando Pontier",-
Orquesta Alfredo Gobbi con Héctor Coral,Alfredo J. Gobbi,Héctor Coral
Orquesta Julio De Caro con Orlando Verri,Julio De Caro,Orlando Verri
Alberto Castillo y su orquesta dir. por Emilio Balcarce,Emilio Balcarce,Alberto Castillo
Orquesta Aníbal Troilo con Floreal Ruiz y Alberto Marino,Aníbal Troilo,"Floreal Ruíz, Alberto Marino"
Orquesta Francisco Lomuto con Jorge Omar,Francisco Lomuto,Jorge Omar
Orquesta Osmar Maderna con Adolfo Rivas,"Orquesta Simbolo Osmar Maderna, dir. Aquiles Roggero",Adolfo Rivas
"Orquesta Ricardo Tanturi con Elsa Rivas, Juan Carlos Godoy y Horacio Roca",Ricardo Tanturi,"Juan Carlos Godoy, Elsa Rivas, Horacio Roca"
Orquesta Héctor Varela con Carlos Yanel,Héctor Varela,Carlos Yanel
Orquesta Ricardo Tanturi,Ricardo Tanturi,-
Orquesta Julio De Caro con Luis Díaz,Julio De Caro,Luis Díaz
Orquesta Ricardo Tanturi con Enrique Campos y Roberto Videla,Ricardo Tanturi,"Roberto Videla, Enrique Campos"
Orquesta Francisco Lomuto con Jorge Torres,Francisco Lomuto,Jorge Torres
Orquesta Juan D'Arienzo con Walter Cabral,Juan D'Arienzo,Walter Cabral
Orquesta Pedro Laurenz,Pedro Laurenz,-
Orquesta Francisco Rotundo,Francisco Rotundo,-
Orquesta Francisco Canaro con el Coro del Teatro Nacional,Francisco Canaro,"Agustín Irusta, -choir-"
Orquesta Aníbal Troilo con Aníbal Troilo,Aníbal Troilo,Roberto Goyeneche
Orquesta Ángel D'Agostino con Raúl Lavie,Ángel D'Agostino,Raúl Lavié
Orquesta Miguel Caló con Jorge Ortiz,Miguel Caló,Jorge Ortiz
Orquesta Típica Porteña Dir. Adolfo Carabelli con Ernesto Famá,Orquesta Típica Porteña,Ernesto Famá
Orquesta Lucio Demare con Carlos Bernal,Lucio Demare,Carlos Bernal
Orquesta Francini - Pontier con Raúl Berón,"Enrique Francini, Armando Pontier",Alberto Podestá
Orquesta Lucio Demare con Héctor Alvarado,Lucio Demare,Héctor Alvarado
Orquesta Osvaldo Pugliese con Alberto Morán y Juan Carlos Cobos,Osvaldo Pugliese,"Juan Carlos Cobos, Alberto Morán"
Orquesta Miguel Caló con Raúl Iriarte y Roberto Arrieta,Miguel Caló,"Roberto Arrieta, Raúl Iriarte"
Orquesta Héctor Varela con Armando Laborde y Rodolfo Lesica,Héctor Varela,"Armando Laborde, Rodolfo Lesica"
Orquesta Héctor Varela con Armando Laborde y Jorge Rolando,Héctor Varela,"Armando Laborde, Jorge Rolando"
Orquesta Alfredo Gobbi con Carlos Yanel,Alfredo J. Gobbi,Carlos Yanel
Orquesta Osmar Maderna con Héctor Casares,"Orquesta Simbolo Osmar Maderna, dir. Aquiles Roggero",Horacio Casares
Orquesta Francisco Lomuto con Jorge Omar y Cerry Brian,Francisco Lomuto,"Cerry Brian, Jorge Omar"
Orquesta Osvaldo Pugliese con Adrián Guida,Osvaldo Pugliese,Adrián Guida
Quinteto Pirincho dir. Francisco Canaro con Alberto Arenas y coro,"Quinteto Pirincho, dir. Francisco Canaro",Alberto Arenas
Orquesta Astor Piazzolla,Astor Piazzolla,-
Sexteto Carlos Di Sarli con Roberto Deirene,Carlos Di Sarli,Roberto Dierene
Orquesta Ricardo Malerba con Antonio Maida,Ricardo Malerba,Antonio Maida
Orquesta Francini - Pontier con Alberto Podestá y Raúl Berón,"Enrique Francini, Armando Pontier","Alberto Podestá, Raúl Berón"
Trío Rizzuti - Tagliacozzo - Aníbal Troilo,Aníbal Troilo,
Orquesta Osmar Maderna con Adolfo Rivas y Ruth Durante,"Orquesta Simbolo Osmar Maderna, dir. Aquiles Roggero","Adolfo Rivas, Ruth Durante"
Dúo Roberto Firpo y su hijo,,-
Orquesta Miguel Caló con Raúl Berón,Miguel Caló,Raúl Berón
Orquesta Roberto Firpo,Roberto Firpo,-
Orquesta Típica Victor con Ortega del Cerro,Orquesta Típica Víctor,Ortega del Cerro
Orquesta Francini - Pontier con Roberto Rufino,"Enrique Francini, Armando Pontier",Roberto Rufino
Orquesta Osvaldo Fresedo con Pilar Arcos,Osvaldo Fresedo,Pilar Arcos
Orquesta Francisco Canaro con Roberto Maida y Ángel Ramos,Francisco Canaro,Roberto Maida
Orquesta Ricardo Tanturi con Alberto Guzmán,Ricardo Tanturi,Alberto Guzmán
Astor Piazzolla y su Orquesta De Cuerdas,Astor Piazzolla,-
Orquesta Aníbal Troilo con Jorge Casal y Raúl Berón,Aníbal Troilo,"Raúl Berón, Jorge Casal"
Orquesta Carlos Di Sarli con Roberto Rufino,Carlos Di Sarli,Roberto Rufino
Orquesta Osmar Maderna con Héctor de Rosas,Osmar Maderna,Héctor De Rosas
Orquesta Ángel D'Agostino con Roberto Alvar,Ángel D'Agostino,Roberto Alvar
Orquesta Edgardo Donato con Lita Morales y coro,Edgardo Donato,Lita Morales
Elsa Rivas acomp. de Cuarteto Aníbal Troilo,Aníbal Troilo,Elsa Rivas
"Orquesta Edgardo Donato con Horacio Lagos, Lita Morales y Romeo Gavio",Edgardo Donato,"Horacio Lagos, Lita Morales, Romeo Gavioli"
Orquesta Osmar Maderna con Luis Tolosa,Osmar Maderna,Luis Tolosa
"Orquesta Juan Maglio ""Pacho"" con Ángel Ramos",Juan Félix Maglio,Ángel Ramos
Orquesta Típica Porteña Dir. Adolfo Carabelli con Juan Carlos Delson,Orquesta Típica Porteña,Juan Carlos Delson
Orquesta Aníbal Troilo con Ángel Cárdenas,Aníbal Troilo,Ángel Cárdenas
Orquesta Alfredo Gobbi con Carlos Heredia y Hugo Soler,Alfredo J. Gobbi,"Carlos Heredia, Hugo Soler"
Orquesta Edgardo Donato con Félix Gutiérrez,Edgardo Donato,Félix Gutiérrez
Orquesta Ángel D'Agostino con Rubén Cané,Ángel D'Agostino,Rubén Cané
Cuarteto Roberto Firpo,Roberto Firpo,-
Orquesta Francisco Canaro con Carlos Gardel,Terig Tucci,Carlos Gardel
Orquesta Francisco Canaro con Guillermo Coral y Alberto Arenas,Francisco Canaro,"Guillermo Rico, Alberto Arenas"
Orquesta Alfredo De Angelis con Juan Carlos Godoy y Oscar Larroca,Alfredo De Angelis,"Juan Carlos Godoy, Oscar Larroca"
Orquesta Osmar Maderna con Pedro Dátila y Mario Corrales,Osmar Maderna,"Mario Pomar, Pedro Dátila"
Orquesta Miguel Caló con Chola Luna,Miguel Caló,Chola Luna
Orquesta Típica Victor con Agustín Magaldi,Francisco Lomuto,Fernando Díaz
Orquesta Osvaldo Pugliese con Augusto Gauthier,Osvaldo Pugliese,
Orquesta Julio De Caro con Fanny Navarro,Julio De Caro,Fanny Navarro
Orquesta Edgardo Donato con Félix Guitérrez,Edgardo Donato,Félix Gutiérrez
Orquesta Rodolfo Biagi con Carlos Saavedra,Rodolfo Biagi,Carlos Saavedra
Orquesta Ricardo Tanturi con Roberto Videla y Osvaldo Ribo,Ricardo Tanturi,"Osvaldo Ribó, Roberto Videla"
Orquesta Aníbal Troilo con Edmundo Rivero,Aníbal Troilo,Edmundo Rivero
Orquesta Juan D'Arienzo con Jorge Valdéz y Armando Laborde,Juan D'Arienzo,"Armando Laborde, Jorge Valdez"
Orquesta Horacio Salgán con Edmundo Rivero,Horacio Salgán,Edmundo Rivero
Orquesta Osmar Maderna con Pedro Dátila,Osmar Maderna,Pedro Dátila
Orquesta Típica Victor con Roberto Díaz,Orquesta Típica Víctor,Roberto Díaz
Orquesta Edgardo Donato con Hugo del Carril y Randona,Edgardo Donato,"Randona, Hugo del Carril"
Orquesta Francisco Canaro con Ernesto Rondó,Francisco Canaro,Ernesto Rondó
Orquesta Francisco Canaro con Roberto Fugazot y Agustín Irusta,Francisco Canaro,"Agustín Irusta, Roberto Fugazot"
Orquesta Alfredo De Angelis,Alfredo De Angelis,-
Orquesta Edgardo Donato con Carlos Almada y Alberto Podestá,Edgardo Donato,"Alberto Podestá, Carlos Almada"
Orquesta Aníbal Troilo con Alberto Marino,Aníbal Troilo,Alberto Marino
Orquesta Adolfo Carabelli con Carlos Lafuente,Adolfo Carabelli,Carlos Lafuente
Orquesta Osvaldo Fresedo con Oscar Serpa,Osvaldo Fresedo,Oscar Serpa
Orquesta Miguel Caló con Román Prince,Miguel Caló,Roman Prince
"Orquesta Juan Maglio ""Pacho"" con Fernando Díaz",Juan Félix Maglio,
Orquesta Típica Porteña Dir. Adolfo Carabelli,Orquesta Típica Porteña,
Orquesta Alfredo De Angelis con Julio Martel,Alfredo De Angelis,Julio Martel
Orquesta Francisco Canaro con Guillermo Rico y Alberto Arenas,Francisco Canaro,"Guillermo Rico, Alberto Arenas"
Orquesta Simbolo Osmar Maderna con Orlando Verri,"Orquesta Simbolo Osmar Maderna, dir. Aquiles Roggero",Orlando Verri
"Orquesta Juan Maglio ""Pacho"" con canto",Juan Félix Maglio,-
Orquesta Osvaldo Pugliese y The New Tango Sex-Tet Astor Piazzolla,"Astor Piazzolla, Osvaldo Pugliese",-
Orquesta Roberto Firpo con Héctor Villanueva,Roberto Firpo,Osvaldo Novarro
Orquesta Francisco Canaro con Agustín Irusta,Francisco Canaro,Agustín Irusta
Orquesta Francisco Canaro Ernesto Rondó,Francisco Canaro,Ernesto Rondó
Orquesta Típica Porteña Dir. Adolfo Carabelli con Roberto Díaz,Orquesta Típica Porteña,
Sexteto Carlos Di Sarli con Santiago Devincenzi,Carlos Di Sarli,Santiago Devin
Orquesta Aníbal Troilo con Elba Berón y Roberto Goyeneche,Aníbal Troilo,"Elba Berón, Roberto Goyeneche"
Orquesta Edgardo Donato con Carlos Almada,Edgardo Donato,Carlos Almada
Orquesta Francisco Rotundo con Floreal Ruiz,Francisco Rotundo,Floreal Ruíz
Orquesta Alfredo Gobbi con Ángel Díaz,Alfredo J. Gobbi,Ángel Díaz
Orquesta Edgardo Donato con Carlos Viván,Edgardo Donato,Carlos Viván
Orquesta Miguel Caló con Alberto Podestá,Miguel Caló,Alberto Podestá
The New Tango Sex-Tet Astor Piazzolla,Astor Piazzolla,-
Orquesta Francisco Canaro con Ernesto Famá y Ángel Ramos,Francisco Canaro,Ernesto Famá
Orquesta Alfredo Gobbi con Pablo Lozano,Alfredo J. Gobbi,Pablo Lozano
"Orquesta Juan Maglio ""Pacho"" con Nicolás Gianastasio",Juan Félix Maglio,-
Orquesta Francisco Canaro,Francisco Canaro,-
Orquesta Francini - Pontier con Mario Lagos,"Enrique Francini, Armando Pontier",Mario Lagos
Ranko Fujisawa con Aníbal Troilo y Roberto Grela,"Aníbal Troilo, Roberto Grela",Ranko Fujisawa
Orquesta Pedro Laurenz con Alberto Podestá,Pedro Laurenz,Alberto Podestá
Orquesta Francisco Canaro con Alberto Arenas y Enrique Lucero,Francisco Canaro,"Enrique Lucero, Alberto Arenas"
Orquesta Carlos Di Sarli con Roberto Florio y Jorge Durán,Carlos Di Sarli,"Jorge Durán, Roberto Florio"
Orquesta Osvaldo Pugliese con Miguel Montero,Osvaldo Pugliese,Miguel Montero
Orquesta Rodolfo Biagi con Carlos Acuña,Rodolfo Biagi,Carlos Acuña
Orquesta Carlos Di Sarli con Alberto Podestá,Carlos Di Sarli,Alberto Podestá
Orquesta Enrique Rodríguez con Ricardo Herrera y Fernando Reyes,Enrique Rodríguez,"Fernando Reyes, Ricardo Herrera"
Orquesta Francisco Lomuto con Lely Morel,Francisco Lomuto,Lely Morel
Orquesta Julio De Caro con Teófilo Ibáñez,Julio De Caro,Luis Díaz
Orquesta Francisco Rotundo con Alfredo Del Río,Francisco Rotundo,Alfredo del Río
Orquesta Osmar Maderna con Jorge Hidalgo,"Orquesta Simbolo Osmar Maderna, dir. Aquiles Roggero",Jorge Hidalgo
Sexteto Carlos Di Sarli con Ernesto Famá,Carlos Di Sarli,Ernesto Famá
Orquesta Osmar Maderna con Ruth Durante,"Orquesta Simbolo Osmar Maderna, dir. Aquiles Roggero",Ruth Durante
Orquesta Típica Porteña Dir. Adolfo Carabelli con Teófilo Ibáñez,Orquesta Típica Porteña,Teofilo Ibañez
Orquesta Típica Victor con Ortega Del Cerro,Orquesta Típica Víctor,Ortega del Cerro
Orquesta Alfredo Gobbi con Mario Beltrán,Alfredo J. Gobbi,Mario Beltrán
Orquesta Francisco Lomuto con Fernando Díaz,Francisco Lomuto,Fernando Díaz
Orquesta Osvaldo Pugliese con Jorge Maciel y Carlos Guido,Osvaldo Pugliese,"Jorge Maciel, Carlos Guido"
Orquesta Juan D'Arienzo con Francisco Fiorentino,Juan D'Arienzo,Francisco Fiorentino
Orquesta Aníbal Troilo con Francisco Fiorentino y Alberto Marino,Aníbal Troilo,"Francisco Fiorentino, Alberto Marino"
Orquesta Ricardo Tanturi con Roberto Videla y Osvaldo Ribó,Ricardo Tanturi,"Osvaldo Ribó, Roberto Videla"
Orquesta Carlos Di Sarli con Carlos Acuña,Carlos Di Sarli,Carlos Acuña
Orquesta Francisco Canaro con Luis Scalón,Francisco Canaro,Luis Scalón
Orquesta Rodolfo Biagi con Carlos Almagro,Rodolfo Biagi,Carlos Almagro
"Orquesta Francisco Canaro con Ernesto Famá, Francisco Amor y Blackie",Francisco Canaro,"Ernesto Famá, Francisco Amor"
Orquesta Adolfo Carabelli con Carlos Lafuente y Mercedes Simone,Adolfo Carabelli,"Carlos Lafuente, Mercedes Simone"
Orquesta Ricardo Tanturi con Carlos Ortega,Ricardo Tanturi,Carlos Ortega
Astor Piazzolla,Astor Piazzolla,-
Orquesta Francisco Lomuto con coro,Francisco Lomuto,"Fernando Díaz, -choir-"
Orquesta Francini - Pontier con Julio Sosa,"Enrique Francini, Armando Pontier",Julio Sosa
Quinteto Pirincho dir. Francisco Canaro,"Quinteto Pirincho, dir. Francisco Canaro",-
Orquesta Alfredo Gobbi con Carlos Almada,Alfredo J. Gobbi,Carlos Almada
Orquesta Miguel Caló con Juan Carlos Fabri,Miguel Caló,Juan Carlos Fabri
Orquesta Roberto Firpo con Carlos Varela y coro,Roberto Firpo,Carlos A. Varela
Orquesta Ángel D'Agostino,Ángel D'Agostino,-
Orquesta Lucio Demare con Roberto Arrieta,Lucio Demare,Roberto Arrieta
Sexteto Julio De Caro,Julio De Caro,-
Orquesta Francisco Canaro con Ernesto Famá y Francisco Canaro,Francisco Canaro,Ernesto Famá
Orquesta Típica Victor con Príncipe Azul,Orquesta Típica Víctor,Príncipe Azul
Orquesta Enrique Rodríguez con Roberto Videla,Enrique Rodríguez,Roberto Videla
Orquesta Julio de Caro,Julio De Caro,-
Orquesta Osvaldo Fresedo con Osvaldo Arana,Osvaldo Fresedo,Osvaldo Arana
Alberto Castillo y su orquesta dir. por Jorge Dragone,Jorge Dragone,Alberto Castillo
Orquesta Alfredo De Angelis con Lalo Martel,Alfredo De Angelis,Lalo Martel
Orquesta Alfredo Gobbi con Tito Landó y Alfredo Del Rio,Alfredo J. Gobbi,"Alfredo del Río, Tito Landó"
Orquesta Típica Porteña Dir. Adolfo Carabelli y otros con Pedro Moreno,Orquesta Típica Porteña,
Quinteto Pirincho dir. Francisco Canaro con Tita Merello,,Tita Merello
Sexteto Carlos Di Sarli con Mercedes Carné,Carlos Di Sarli,Mercedes Carné
Orquesta Francisco Canaro con Ernesto Famá y Mirna Mores,Francisco Canaro,"Ernesto Famá, Mirna Mores"
Osvaldo Fresedo y Juan Alberto Rodríguez,Osvaldo Fresedo,-
Orquesta Osvaldo Fresedo con Ernesto Famá,Osvaldo Fresedo,Ernesto Famá
Aníbal Troilo y Astor Piazzolla,"Aníbal Troilo, Astor Piazzolla",-
Orquesta Francisco Lomuto con Príncipe Azul,Francisco Lomuto,Príncipe Azul
Orquesta Miguel Caló con Luis Correa,Miguel Caló,Luis Correa
Orquesta Osmar Maderna con Horacio Caseres,"Orquesta Simbolo Osmar Maderna, dir. Aquiles Roggero",Horacio Casares
Orquesta Alfredo Gobbi,Alfredo J. Gobbi,-
Orquesta Francisco Lomuto con Alberto Rivera y Miguel Montero,Francisco Lomuto,"Alberto Rivera, Miguel Montero"
Orquesta Osmar Maderna con Jorge Duran,"Orquesta Simbolo Osmar Maderna, dir. Aquiles Roggero",Jorge Durán
Francisco Fiorentino y su orquesta típica dir. Astor Piazzolla con Francisco Fiorentino,Astor Piazzolla,Francisco Fiorentino
Orquesta Juan D'Arienzo,Juan D'Arienzo,-
Orquesta Francisco Canaro con Eduardo Adrián,Francisco Canaro,Eduardo Adrián
Orquesta Juan D'Arienzo con Jorge Valdéz y Héctor Millán,Juan D'Arienzo,Héctor Millán
Orquesta Típica Porteña Dir. Adolfo Carabelli y otros con M. Correa,Orquesta Típica Porteña,
Orquesta Rodolfo Biagi,Rodolfo Biagi,-
Orquesta Osvaldo Pugliese con Abel Córdoba,Osvaldo Pugliese,Abel Córdoba
Alberto Castillo y su orquesta dir. por Enrique Alessio,Enrique Carmelo Alessio,Alberto Castillo
Lucio Demare,Lucio Demare,-
Orquesta Típica Victor con Héctor Palacios,Orquesta Típica Víctor,Héctor Palacios
Orquesta Aníbal Troilo,Aníbal Troilo,-
Orquesta Pedro Laurenz con Carlos Bermúdez,Pedro Laurenz,Carlos Bermúdez
Orquesta Rodolfo Biagi con Hugo Duval y Carlos Heredia,Rodolfo Biagi,"Carlos Heredia, Hugo Duval"
Orquesta Héctor Varela con Rodolfo Lesica,Héctor Varela,Rodolfo Lesica
Orquesta Francisco Canaro con Ignacio Corsini,Francisco Canaro,Ignacio Corsini
Orquesta Edgardo Donato con Raúl Ángeló,Edgardo Donato,Raúl Angelo
Orquesta Típica Victor con Mariano Balcarce,Orquesta Típica Víctor,Mariano Balcarce
Orquesta Osvaldo Fresedo con Juan Carlos Thorry,Osvaldo Fresedo,Juan Carlos Thorry
Orquesta Alfredo De Angelis con Oscar Larroca,Alfredo De Angelis,Oscar Larroca
Orquesta Francini - Pontier con Roberto Florio,"Enrique Francini, Armando Pontier",Roberto Florio
Quinteto Pirincho dir. Francisco Canaro con Carlos Gardel,"Quinteto Pirincho, dir. Francisco Canaro",Carlos Gardel
Orquesta Típica Victor con Juan Carlos Delson,Orquesta Típica Víctor,Juan Carlos Delson
Orquesta Típica Victor con Carlos Lafuente,Orquesta Típica Víctor,Carlos Lafuente
Orquesta Osvaldo Fresedo con Roberto Ray,Osvaldo Fresedo,Roberto Ray
Orquesta Francisco Rotundo con Floreal Ruiz y Enrique Campos,Francisco Rotundo,"Enrique Campos, Floreal Ruíz"
Orquesta Francisco Canaro con Isabel De Grana,Francisco Canaro,Isabel De Grana
Orquesta Alfredo Gobbi con Alfredo Del Rio,Alfredo J. Gobbi,Alfredo del Río
Orquesta Osmar Maderna con Tito Davila,"Orquesta Simbolo Osmar Maderna, dir. Aquiles Roggero",
Orquesta Héctor Varela con Fontán Reyes,Héctor Varela,Jorge Fontán Reyes
"Orquesta Francisco Canaro con Charlo, Ada Falcón y coro",Francisco Canaro,"Ada Falcón, Charlo, -choir-"
Orquesta Francisco Canaro con Guillermo Rico,Francisco Canaro,Guillermo Rico
Miguel Villasboas y su Quinteto Bravo Del 900 con Julian Miro,Miguel Villasboas,
Alberto Castillo y su orquesta dir. por Ángel Condercuri,Ángel F. Condercuri,Alberto Castillo
Orquesta Horacio Salgán,Horacio Salgán,-
Orquesta Miguel Cálo con Raúl Berón,Miguel Caló,Raúl Berón
Orquesta Roberto Firpo con canto,Roberto Firpo,-
Orquesta Edgardo Donato con Jorge Denis,Edgardo Donato,Jorge Denis
Orquesta Típica Victor con Luis Díaz,Orquesta Típica Víctor,Luis Díaz
Orquesta Enrique Rodríguez con Omar Quirós y Oscar Galán,Enrique Rodríguez,"Omar Quiroz, Oscar Galán"
Orquesta Roberto Firpo con Príncipe Azul y Dorita Davis,,Dorita Davis
Orquesta Alfredo Gobbi con Héctor Maciel,Alfredo J. Gobbi,Héctor Maciel
Orquesta Típica Victor con Dorita Davis,Orquesta Típica Víctor,Dorita Davis
Orquesta Juan D'Arienzo con Horacio Palma,Juan D'Arienzo,Horacio Palma
Orquesta Osvaldo Fresedo con Teófilo Ibáñez,Osvaldo Fresedo,Teofilo Ibañez
Orquesta Miguel Caló con Alfredo Dalton,Miguel Caló,Alfredo Dalton
Orquesta Miguel Caló con Carlos Roldán,Miguel Caló,Carlos Roldán
Orquesta Ricardo Tanturi con Horacio Roca,Ricardo Tanturi,Horacio Roca
Orquesta Carlos Di Sarli con Roberto Galé,Carlos Di Sarli,Rodolfo Galé
Orquesta Héctor Varela con Jorge Garré,Héctor Varela,Jorge Garré
Orquesta Héctor Varela con Ernesto Herrera y Armando Laborde,Héctor Varela,"Ernesto Herrera, Armando Laborde"
Orquesta Alfredo De Angelis con Juan Carlos Godoy y Lalo Martel,Alfredo De Angelis,"Juan Carlos Godoy, Lalo Martel"
Orquesta Típica Victor con Eugenio Viñas,Orquesta Típica Víctor,
Orquesta Osvaldo Fresedo con Ricardo Ruiz,Osvaldo Fresedo,Ricardo Ruiz
Francisco Fiorentino y su orquesta típica dir. Astor Piazzolla,Astor Piazzolla,-
Orquesta Juan D'Arienzo con Alberto Echagüe,Juan D'Arienzo,Alberto Echagüe
Francisco Fiorentino y su orquesta dir. Astor Piazzolla con Francisco Fiorentino,Astor Piazzolla,Francisco Fiorentino
Orquesta Lucio Demare con Armando Garrido,Lucio Demare,-
Orquesta Enrique Rodríguez con Ricardo Herrera,Enrique Rodríguez,Ricardo Herrera
Orquesta Rodolfo Biagi con Hugo Duval,Rodolfo Biagi,Hugo Duval
Orquesta Rodolfo Biagi con Jorge Ortiz,Rodolfo Biagi,Jorge Ortiz
Orquesta Miguel Caló con Raúl Ledesma,Miguel Caló,Raúl Ledesma
Orquesta Rodolfo Biagi con Andrés Falgás,Rodolfo Biagi,Andrés Falgás
Astor Piazzolla con Alberto Fontan Luna,Astor Piazzolla,Alberto Fontán Luna
Orquesta Carlos Di Sarli con Jorge Durán y Bob Toledo,Carlos Di Sarli,"Jorge Durán, Bob Toledo"
Orquesta Alfredo Gobbi con Tito Landó,Alfredo J. Gobbi,Tito Landó
Orquesta Alfredo De Angelis con Roberto Mancini,Alfredo De Angelis,Roberto Mancini
Orquesta Miguel Caló con Luis Tolosa,Miguel Caló,Luis Tolosa
Orquesta Juan D'Arienzo con Enrique Carbel,Juan D'Arienzo,Enrique Carbel
Orquesta Miguel Caló con Carlos Barbé,Miguel Caló,Carlos Barbé
Orquesta Típica Victor con Teófilo Ibáñez,Orquesta Típica Víctor,Teofilo Ibañez
"Orquesta Francisco Canaro con Roberto Maida, Ángel Ramos y coro",Francisco Canaro,"Ángel Ramos, Roberto Maida"
Orquesta Típica Victor con Alberto Carol,Orquesta Típica Víctor,Alberto Carol
Orquesta Francisco Canaro con Roberto Maida,Francisco Canaro,Roberto Maida
Orquesta Juan D'Arienzo con Antonio Prieto,Juan D'Arienzo,Antonio Prieto
Orquesta Alfredo De Angelis con Julián Rosales,Alfredo De Angelis,Julian Rosales
Charlo y Ada Falcón con acomp. de Francisco Canaro,Francisco Canaro,"Ada Falcón, Charlo"
Orquesta Rodolfo Biagi con Carlos Heredia,Rodolfo Biagi,Carlos Heredia
Orquesta Lucio Demare,Lucio Demare,-
Orquesta Ricardo Tanturi con Roberto Videla,Ricardo Tanturi,Roberto Videla
Orquesta Osvaldo Fresedo con Luis Díaz,Osvaldo Fresedo,Luis Díaz
Orquesta Juan D'Arienzo con Alberto Reynal,Juan D'Arienzo,Alberto Reynal
Orquesta Aníbal Troilo con Alberto Castillo,Aníbal Troilo,Alberto Castillo
Orquesta Típica Victor con Jimmy People,Orquesta Típica Víctor,
Quinteto Roberto Firpo,Roberto Firpo,-
Orquesta Francisco Rotundo con Enrique Campos,Francisco Rotundo,Enrique Campos
Orquesta Aníbal Troilo con Carlos Olmedo,Aníbal Troilo,Carlos Olmedo
Orquesta Héctor Varela con Raúl Lavié,Héctor Varela,Raúl Lavié
Orquesta Juan D'Arienzo con Raquel Notar,Juan D'Arienzo,Raquel Notar
Orquesta Juan D'Arienzo con Armando Laborde y Osvaldo Ramos,Juan D'Arienzo,"Armando Laborde, Osvaldo Ramos"
Orquesta Aníbal Troilo con Aldo Calderón,Aníbal Troilo,Aldo Calderón
Orquesta Osvaldo Fresedo con Carlos Roldán,Osvaldo Fresedo,Carlos Roldán
Orquesta Héctor Varela con Armando Laborde,Héctor Varela,Armando Laborde
Orquesta Ricardo Tanturi con Alberto Castillo,Ricardo Tanturi,Alberto Castillo
Orquesta Carlos Di Sarli con Roberto Florio,Carlos Di Sarli,Roberto Florio
Orquesta Francisco Canaro con Francisco Amor y coro,Francisco Canaro,Francisco Amor
Orquesta Típica Victor con Samuel Aguayo,Orquesta Típica Víctor,Samuel Aguayo
Orquesta Miguel Caló con Roberto Mancini,Miguel Caló,Roberto Mancini
Miguel Villasboas y Wáshington Quintas Moreno,Miguel Villasboas,-
Orquesta Francisco Lomuto con Carlos Galarce,Francisco Lomuto,Carlos Galarce
Orquesta Típica Victor con Luis Díaz y Carlos Lafuente,Orquesta Típica Víctor,"Carlos Lafuente, Luis Díaz"
Orquesta Juan D'Arienzo con Carlos Casares,Juan D'Arienzo,Carlos Casares
Orquesta Francisco Lomuto con Alberto Acuña y Fernando Díaz,Francisco Lomuto,"Alberto Hilarion Acuña, Fernando Díaz"
Orquesta Ricardo Tanturi con Enrique Campos,Ricardo Tanturi,Enrique Campos
Orquesta Horacio Salgán con Horacio Deval,Horacio Salgán,Horacio Deval
Orquesta Francisco Lomuto con Fernando Díaz y Mercedes Simone,Francisco Lomuto,"Fernando Díaz, Mercedes Simone"
Orquesta Adolfo Carabelli con Nico,Adolfo Carabelli,Alberto Gómez
Orquesta Enrique Rodríguez,Enrique Rodríguez,-
Orquesta Francisco Canaro con Ernesto Famá,Francisco Canaro,Ernesto Famá
Orquesta Típica Victor con Raúl Lavalle,Orquesta Típica Víctor,
Orquesta Típica Victor con coro,Orquesta Típica Víctor,-choir-
Orquesta Pedro Laurenz con Alberto del Campo,Pedro Laurenz,Alberto Del Campo
Orquesta Carlos Di Sarli con Rodolfo Galé,Carlos Di Sarli,Rodolfo Galé
Orquesta Ángel D'Agostino con Ángel Vargas,Ángel D'Agostino,Ángel Vargas
Orquesta Pedro Laurenz con Martín Podestá,Pedro Laurenz,Martín Podestá
Orquesta Aníbal Troilo con Roberto Achával,Aníbal Troilo,Roberto Achával
Orquesta Francisco Canaro con Ada Falcón y Agustín Irusta y Roberto Fugazot,Francisco Canaro,"Ada Falcón, Agustín Irusta, Roberto Fugazot"
Orquesta Alfredo De Angelis con Roberto Florio,Alfredo De Angelis,Roberto Florio
Orquesta Miguel Caló,Miguel Caló,-
Orquesta Francisco Canaro con Charlo y Ángel Ramos,Francisco Canaro,"Ángel Ramos, Charlo"
Orquesta Ángel D'Agostino con Tino García,Ángel D'Agostino,Tino García
Orquesta Francini - Pontier con Alberto Podestá,"Enrique Francini, Armando Pontier",Alberto Podestá
Orquesta Ricardo Tanturi con Elsa Rivas,Ricardo Tanturi,Elsa Rivas
Orquesta Miguel Caló con Raúl Iriarte y Los Trovadores del Perú,Miguel Caló,Raúl Iriarte
Orquesta Carlos Di Sarli con Agustín Volpe,Carlos Di Sarli,Agustín Volpe
Orquesta Osvaldo Pugliese con Roberto Chanel,Osvaldo Pugliese,Roberto Chanel
Orquesta Alfredo Gobbi con Ángel Díaz y Carlos Nogues,Alfredo J. Gobbi,"Ángel Díaz, Carlos Nogués"
Astor Piazzolla con Aldo Campoamor y Héctor Insua,Astor Piazzolla,"Aldo Campoamor, Héctor Insúa"
"Orquesta Típica Victor con Alberto Gómez y Augusto ""Tito"" Vila",Orquesta Típica Víctor,"Alberto Vila, Alberto Gómez"
Orquesta Enrique Rodríguez con Alberto Moreno,Enrique Rodríguez,Armando Moreno
Orquesta Horacio Salgán con Ángel Díaz y Roberto Goyeneche,Horacio Salgán,"Ángel Díaz, Roberto Goyeneche"
Orquesta Horacio Salgán con Ángel Díaz,Horacio Salgán,Ángel Díaz
Orquesta Roberto Firpo y coro,Roberto Firpo,-
"Orquesta Enrique Rodríguez con Armando Moreno, Omar Quirós y Oscar Galán",Enrique Rodríguez,"Armando Moreno, Omar Quiroz, Oscar Galán"
Fugazot acomp. de piano por Lucio Demare,Lucio Demare,Roberto Fugazot
Orquesta Aníbal Troilo con Roberto Goyeneche y Ángel Cárdenas,Aníbal Troilo,"Ángel Cárdenas, Roberto Goyeneche"
Orquesta Francisco Canaro con Ernesto Famá y Francisco Amor,Francisco Canaro,"Ernesto Famá, Francisco Amor"
Orquesta Osvaldo Pugliese con Jorge Maciel,Osvaldo Pugliese,Jorge Maciel
Orquesta Francisco Lomuto con Jorge Omar y Fernando Díaz,Francisco Lomuto,"Fernando Díaz, Jorge Omar"
Orquesta Adolfo Carabelli con Alberto Gómez y Mercedes Simone,Adolfo Carabelli,"Alberto Gómez, Mercedes Simone"
Orquesta Alfredo Gobbi con Carlos Nogues,Alfredo J. Gobbi,Carlos Nogués
Orquesta Osvaldo Pugliese con Abel Córdoba y Adrián Guida,Osvaldo Pugliese,"Abel Córdoba, Adrián Guida"
Orquesta Aníbal Troilo con Nelly Vázquez,Aníbal Troilo,Nelly Vázquez
Orquesta Edgardo Donato con Horacio Lagos,Edgardo Donato,Horacio Lagos
Orquesta Aníbal Troilo con Roberto Goyeneche,Aníbal Troilo,Roberto Goyeneche
Orquesta Alfredo De Angelis con Floreal Ruiz,Alfredo De Angelis,Floreal Ruíz
Orquesta Miguel Caló con Mario Cané,Miguel Caló,Mario Cané
Orquesta Osvaldo Pugliese con Ricardo Medina,Osvaldo Pugliese,Ricardo Medina
Orquesta Osvaldo Pugliese con María Graña,Osvaldo Pugliese,María Graña
Orquesta Típica Victor con Alberto Gómez,Orquesta Típica Víctor,Alberto Gómez
Orquesta Lucio Demare con Horacio Quintana,Lucio Demare,Horacio Quintana
Orquesta Osvaldo Pugliese con Jorge Maciel y Alfredo Belusi,Osvaldo Pugliese,"Alfredo Belusi, Jorge Maciel"
Orquesta Típica Victor con Mario Corrales,"Orquesta Típica Víctor, dir. Freddy Scorticati",Mario Pomar
Orquesta Roberto Firpo con Ignacio Murillo,Roberto Firpo,Alberto Diale
Orquesta Edgardo Donato con Adolfo Rivas,Edgardo Donato,Adolfo Rivas
Orquesta Alfredo De Angelis con Juan Carlos Godoy,Alfredo De Angelis,Juan Carlos Godoy
Orquesta Héctor Varela con Tita Merello,,Tita Merello
Orquesta Francisco Canaro con Azucena Maizani,Francisco Canaro,Azucena Maizani
Cuarteto Aníbal Troilo,Aníbal Troilo,-
Orquesta Francisco Canaro con Ernesto Famá y Ada Falcón,Francisco Canaro,"Ada Falcón, Ernesto Famá"
Orquesta Julio De Caro con Roberto Taibo y Roberto Medino,Julio De Caro,"Roberto Medina, Roberto Taibo"
Orquesta Miguel Caló con Carlos Dante,Miguel Caló,Carlos Dante
Orquesta Osmar Maderna con Carlos Aguirre,"Orquesta Simbolo Osmar Maderna, dir. Aquiles Roggero",Carlos Aguirre
Orquesta Florindo Sassone con Fontán Luna,Florindo Sassone,Alberto Fontán Luna
Orquesta Típica Victor con Roberto Díaz y Juan Carlos Delson,Orquesta Típica Víctor,"Juan Carlos Delson, Roberto Díaz"
Orquesta Típica Victor con Gino Forsini,Orquesta Típica Víctor,
Roberto Firpo (Hijo) y su cuarteto,,
Orquesta Juan D'Arienzo con Osvaldo Ramos,Juan D'Arienzo,Osvaldo Ramos
Orquesta Miguel Caló con Carlos Almagro,Miguel Caló,Carlos Almagro
Orquesta Roberto Firpo con Roberto Díaz,Roberto Firpo,Roberto Díaz
Orquesta Miguel Caló con Raúl Iriarte,Miguel Caló,Raúl Iriarte
Orquesta Francisco Canaro con Nelly Omar,Francisco Canaro,Nelly Omar
Orquesta Miguel Caló con Roberto Arrieta,Miguel Caló,Roberto Arrieta
Orquesta Julio De Caro con Héctor Farrel y Carlos Viván,Julio De Caro,"Héctor Farrel, Carlos Viván"
Orquesta Francisco Canaro con coro,Francisco Canaro,-choir-
Orquesta Juan D'Arienzo con Mario Bustos,Juan D'Arienzo,Mario Bustos
Orquesta Francisco Canaro con Agustín Irusta y Roberto Fugazot,Francisco Canaro,"Agustín Irusta, Roberto Fugazot"
Orquesta Miguel Caló con Alberto Morel,Miguel Caló,Alberto Morel
Orquesta Edgardo Donato con Romeo Gavio,Edgardo Donato,Romeo Gavioli
Orquesta Florindo Sassone con Jorge Casal,Florindo Sassone,Jorge Casal
Orquesta Osvaldo Pugliese con Miguel Montero y Jorge Maciel,Osvaldo Pugliese,"Jorge Maciel, Miguel Montero"
Orquesta Francisco Canaro con Roberto Fugazot,Francisco Canaro,Roberto Fugazot
Orquesta Francisco Lomuto con Fernando Díaz y Alberto Acuña,Francisco Lomuto,"Alberto Hilarion Acuña, Fernando Díaz"
Orquesta Típica Victor con Charlo,Orquesta Típica Víctor,Charlo
Cuarteto de Aníbal Troilo con Alberto Castillo,Aníbal Troilo,
Orquesta Carlos Di Sarli con Oscar Serpa,Carlos Di Sarli,Oscar Serpa
Orquesta Ricardo Tanturi con Osvaldo Ribó,Ricardo Tanturi,Osvaldo Ribó
Orquesta Aníbal Troilo con Alberto Marino y Floreal Ruiz,Aníbal Troilo,"Floreal Ruíz, Alberto Marino"
Orquesta Francisco Rotundo con Alfredo del Río,Francisco Rotundo,Alfredo del Río
Orquesta Típica Victor con Yoshie Fujiwara,-unspecified orchestra-,
Orquesta Alfredo De Angelis con Alberto Cuello,Alfredo De Angelis,Alberto Cuello
Orquesta Héctor Varela con Ernesto Herrera,Héctor Varela,Ernesto Herrera
Orquesta Francisco Canaro con Juan Carlos Rolón,Francisco Canaro,Juan Carlos Rolón
Orquesta Florindo Sassone con Mario Bustos,Florindo Sassone,Mario Bustos
Orquesta Enrique Rodríguez con Omar Quirós,Enrique Rodríguez,Omar Quiroz
Orquesta Julio De Caro con Pedro Lauga y Juan Lauga,Julio De Caro,"Pedro Lauga, Juan Lauga"
Orquesta Enrique Rodríguez con Roberto Flores,Enrique Rodríguez,Roberto Flores
Orquesta Héctor Varela con Jorge Rolando,Héctor Varela,
Orquesta Edgardo Donato con Pablo Lozano,Edgardo Donato,Pablo Lozano
Orquesta Francisco Canaro con Domingo Conte y coro,Francisco Canaro,"Domingo Conte, -choir-"
Orquesta Francisco Canaro con Carlos Roldán y Eduardo Adrián,Francisco Canaro,"Eduardo Adrián, Carlos Roldán"
Orquesta Julio De Caro,Julio De Caro,-
Orquesta Genaro Veiga con Osvaldo Fresedo,Genaro Veiga,
Orquesta Julio De Caro con Roberto Taibo,Julio De Caro,Roberto Taibo
Orquesta Francisco Canaro Alberto Arenas y Guillermo Coral,Francisco Canaro,"Guillermo Rico, Alberto Arenas"
Orquesta Pedro Laurenz con Héctor Juncal,Pedro Laurenz,Héctor Juncal
Orquesta Carlos di Sarli,Carlos Di Sarli,-
Orquesta Aníbal Troilo con Pablo Lonzano,Aníbal Troilo,Pablo Lozano
Orquesta Héctor Varela con Ernesto Herrera y Jorge Rolando,Héctor Varela,"Ernesto Herrera, Jorge Rolando"
Orquesta Típica Victor con Ernesto Famá,Orquesta Típica Víctor,Ernesto Famá
Orquesta Alfredo De Angelis con Juan Carlos Godoy y Roberto Mancini,Alfredo De Angelis,"Juan Carlos Godoy, Roberto Mancini"
Orquesta Alfredo De Angelis con Julio Martel y Carlos Dante,Alfredo De Angelis,"Carlos Dante, Julio Martel"
Orquesta Típica Brunswick,Orquesta Típica Brunswick,-
"Orquesta Juan Maglio ""Pacho""",Juan Félix Maglio,-
Roberto Firpo (Hijo) y su Cuarteto,Roberto Firpo,-
Orquesta Adolfo Carabelli con Teófilo Ibáñez,Adolfo Carabelli,Teofilo Ibañez
Astor Piazzolla con Aldo Campoamor,Astor Piazzolla,Aldo Campoamor
Orquesta Aníbal Troilo con Roberto Rufino,Aníbal Troilo,Roberto Rufino
"Orquesta Juan Maglio ""Pacho"" con José Galarza",Juan Félix Maglio,José E. Galarza
Orquesta Aníbal Troilo con Roberto Goyeneche y Roberto Rufino,Aníbal Troilo,"Roberto Goyeneche, Roberto Rufino"
Pedro Laurenz y Pedro Maffia (Dúo de bandoneones),"Pedro Laurenz, Pedro Maffia",-
Orquesta Osvaldo Fresedo con Armando Garrido,Osvaldo Fresedo,
Francisco Fiorentino con acomp. Orq. dir. Astor Piazzolla,Astor Piazzolla,Francisco Fiorentino
Orquesta Aníbal Troilo con Elba Berón,Aníbal Troilo,Elba Berón
"Orquesta Juan Maglio ""Pacho"" con Roberto Basso",Juan Félix Maglio,Roberto Basso
Orquesta Edgardo Donato con Roberto Morel,Edgardo Donato,Roberto Morel
Orquesta Julio De Caro con Roberto Medina y Roberto Taibo,Julio De Caro,"Roberto Medina, Roberto Taibo"
Orquesta Ricardo Tanturi con Juan Carlos Godoy,Ricardo Tanturi,Juan Carlos Godoy
Orquesta Pedro Laurenz con Aníbal Fuentes,Pedro Laurenz,Alberto Fuentes
Orquesta Francini - Pontier con Luis Correa,"Enrique Francini, Armando Pontier",Luis Correa
Orquesta Osvaldo Fresedo con Genaro Veiga,Osvaldo Fresedo,Genaro Veiga
Orquesta Aníbal Troilo con Roberto Goyeneche y Elba Berón,Aníbal Troilo,Francisco Fiorentino
Orquesta Pedro Laurenz con Juan Carlos Casas,Pedro Laurenz,Juan Carlos Casas
Orquesta Osvaldo Pugliese con Jorge Maciel y Miguel Montero,Osvaldo Pugliese,"Jorge Maciel, Miguel Montero"
Orquesta Carlos Di Sarli con Bob Toledo y Jorge Durán,Carlos Di Sarli,"Jorge Durán, Bob Toledo"
Orquesta Miguel Caló con Miguel Martino,Miguel Caló,Miguel Martino
Orquesta Osvaldo Pugliese con Juan Carlos Cobos,Osvaldo Pugliese,Juan Carlos Cobos
Ada Falcón con acomp. de Francisco Canaro,Francisco Canaro,Ada Falcón
Sexteto Carlos Di Sarli con Fernando Díaz,Carlos Di Sarli,Fernando Díaz
Miguel Villasboas y su Quinteto Bravo Del 900,Miguel Villasboas,
Orquesta Carlos Di Sarli con Mario Pomar,Carlos Di Sarli,Mario Pomar
Orquesta Alfredo De Angelis con Alberto Cuello y Carlos Aguirre,Alfredo De Angelis,"Alberto Cuello, Carlos Aguirre"
Orquesta Francini - Pontier con Héctor Montes,"Enrique Francini, Armando Pontier",Héctor Montes
Orquesta Alfredo Gobbi con Alfredo Del Río,Alfredo J. Gobbi,Alfredo del Río
Orquesta Julio De Caro con Roberto Medina,Julio De Caro,Roberto Medina
Orquesta Juan D'Arienzo con Libertad Lamarque,Juan D'Arienzo,Libertad Lamarque
Quinteto Don Pancho dir. Francisco Canaro,"Quinteto Don Pancho, dir. Francisco Canaro",-
Orquesta Osvaldo Pugliese,Osvaldo Pugliese,-
Orquesta Julio De Caro con V. y L. Desmond,Julio De Caro,
Orquesta Julio De Caro con Agustín Volpe,Julio De Caro,Agustín Volpe
Orquesta Héctor Varela con canto,Héctor Varela,
Orquesta Típica Victor con Fernando Díaz,Orquesta Típica Víctor,Fernando Díaz
Orquesta Osvaldo Pugliese con Jorge Rubino,Osvaldo Pugliese,Jorge Rubino
Orquesta Héctor Varela con Victor Daniel,Héctor Varela,
Orquesta Juan D'Arienzo con Héctor Millán,Juan D'Arienzo,Héctor Millán
Orquesta Edgardo Donato con Horacio Lagos y coro,Edgardo Donato,Horacio Lagos
Orquesta Típica Brunswick con Teófilo Ibáñez,Orquesta Típica Brunswick,Teofilo Ibañez
Orquesta Típica Victor con Lita Morales,Orquesta Típica Víctor,Lita Morales
Orquesta Edgardo Donato con Horacio Lagos y Randona,Edgardo Donato,"Randona, Horacio Lagos"
Orquesta Típica Victor con Hugo Gutiérrez,Orquesta Típica Víctor,Hugo Gutiérrez
Orquesta Roberto Firpo con Carlos Varela,Roberto Firpo,Carlos A. Varela
Orquesta Francisco Lomuto con Carmen del Moral,Francisco Lomuto,Carmen Del Moral
Orquesta Roberto Firpo con Alberto Diale,Roberto Firpo,Alberto Diale
Orquesta Lucio Demare con Raúl Berón,Lucio Demare,Raúl Berón
Orquesta Francisco Canaro con Ernesto Famá y Lidia Desmond,Francisco Canaro,"Ernesto Famá, Lidia Desmond"
Mercedes Carné acomp. de Sexteto Carlos Di Sarli,Carlos Di Sarli,Mercedes Carné
Orquesta Osvaldo Pugliese con Jorge Maciel y Abel Córdoba,Osvaldo Pugliese,"Abel Córdoba, Jorge Maciel"
Orquesta Adolfo Carabelli,Adolfo Carabelli,-
Orquesta Julio De Caro con palabras de Héctor Farrel,Julio De Caro,Héctor Farrel
Orquesta Pedro Laurenz con Jorge Linares,Pedro Laurenz,Jorge Linares
Orquesta Florindo Sassone con Carlos Malbrán,Florindo Sassone,Carlos Malbrán
Orquesta Héctor Varela con Rodolfo Lesica y Argentino Ledesma,Héctor Varela,"Argentino Ledesma, Rodolfo Lesica"
Orquesta Ángel D'Agostino con Ricardo Ruiz,Ángel D'Agostino,Ricardo Ruiz
Orquesta Roberto Firpo con Teófilo Ibáñez y Luis Díaz,Roberto Firpo,Teofilo Ibañez
Astor Piazzolla y su Quinteto,Quinteto Astor Piazzolla,-
Orquesta Julio De Caro con Héctor Farrel,Julio De Caro,Héctor Farrel
Orquesta Adolfo Carabelli con Charlo,Adolfo Carabelli,Carlos Lafuente
Orquesta Ricardo Malerba,Ricardo Malerba,-
Orquesta Osvaldo Fresedo con Carlos Mayel,Osvaldo Fresedo,Carlos Mayel
Orquesta Pedro Laurenz con Carlos Bermúdez y Jorge Linares,Pedro Laurenz,"Carlos Bermúdez, Jorge Linares"
Orquesta Francisco Canaro con Mario Alonso,Francisco Canaro,Mario Alonso
Orquesta Aníbal Troilo con Francisco Fiorentino y Amadeo Mandarino,Aníbal Troilo,"Amadeo Mandarino, Francisco Fiorentino"
Orquesta Héctor Varela con Carlos Nogues,Héctor Varela,
Orquesta Osmar Maderna,Osmar Maderna,-
Orquesta Edgardo Donato con Horacio Lagos y Romeo Gavio,Edgardo Donato,"Horacio Lagos, Romeo Gavioli"
Orquesta Típica Porteña Dir. Adolfo Carabelli y otros con Roberto Díaz,Orquesta Típica Porteña,
Orquesta Alfredo Gobbi con Tito Landó y Alfredo del Río,Alfredo J. Gobbi,"Alfredo del Río, Tito Landó"
Orquesta Aníbal Troilo con Jorge Casal,Aníbal Troilo,Jorge Casal
Orquesta Florindo Sassone con Rodolfo Galé,Florindo Sassone,Rodolfo Galé
Orquesta Aníbal Troilo con Edmundo Rivero y Aldo Calderón,Aníbal Troilo,"Aldo Calderón, Edmundo Rivero"
Orquesta Osvaldo Fresedo con Carlos Barrios,Osvaldo Fresedo,Carlos Barrios
Orquesta Aníbal Troilo con Floreal Ruiz,Aníbal Troilo,Floreal Ruíz
Orquesta Francisco Canaro con Argentino Ledesma,Francisco Canaro,Argentino Ledesma
Orquesta Francisco Lomuto con Miguel Montero,Francisco Lomuto,Miguel Montero
Orquesta Típica Porteña Dir. Adolfo Carabelli y otros con Alberto Gómez,Orquesta Típica Porteña,
"Orquesta Juan Maglio ""Pacho"" con José Galarza y Carlos Viván",Juan Félix Maglio,"José E. Galarza, Carlos Viván"
Orquesta Julio De Caro con Luis Díaz y coro,Julio De Caro,Luis Díaz
Orquesta Edgardo Donato con Antonio Maida y Randona,Edgardo Donato,"Antonio Maida, Randona"
Orquesta Juan D'Arienzo con Jorge Valdéz y Mario Bustos,Juan D'Arienzo,"Jorge Valdez, Mario Bustos"
Orquesta Francisco Canaro con Charlo y coro,Francisco Canaro,Charlo
Orquesta Francisco Canaro con Ernesto Herrera,Francisco Canaro,Ernesto Herrera
Orquesta Típica Victor con Oscar Ugarte,Orquesta Típica Víctor,Oscar Ugarte
Orquesta Osvaldo Fresedo,Osvaldo Fresedo,-
Astor Piazzolla con Amelita Baltar,Astor Piazzolla,Amelita Baltar
Orquesta Carlos Di Sarli con Edmundo Rivero,Carlos Di Sarli,Edmundo Rivero
Orquesta Julio de Caro con Teófilo Ibáñez,Julio De Caro,Teofilo Ibañez
Orquesta Osvaldo Fresedo con Antonio Buglione,Osvaldo Fresedo,Antonio Buglione
Orquesta Típica Brunswick con Antonio Rodríguez Lesende,Orquesta Típica Brunswick,Antonio Rodriguez Lesende
Orquesta Alfredo Gobbi con Hugo Soler,Alfredo J. Gobbi,Hugo Soler
Orquesta Julio de Caro con Luis Díaz,Julio De Caro,Luis Díaz
Orquesta Edgardo Donato con Antonio Maida,Edgardo Donato,Antonio Maida
Orquesta Rodolfo Biagi con Teófilo Ibáñez,Rodolfo Biagi,Teofilo Ibañez
Astor Piazzolla con Roberto Goyeneche,,Roberto Goyeneche
Orquesta Aníbal Troilo con Edmundo Rivero y Aníbal Troilo,Aníbal Troilo,Edmundo Rivero
Orquesta Juan D'Arienzo con Alberto Echagüe y Armando Laborde,Juan D'Arienzo,"Armando Laborde, Alberto Echagüe"
Orquesta Francisco Canaro con Carlos Gardel y coro,Francisco Canaro,Carlos Gardel
Orquesta Osvaldo Fresedo con Osvaldo Cordó,Osvaldo Fresedo,Osvaldo Cordó
Orquesta Francisco Lomuto,Francisco Lomuto,-
Orquesta Francisco Canaro con Alberto Arenas y coro,Francisco Canaro,"Alberto Arenas, -choir-"
Orquesta Juan D'Arienzo con Armando Laborde,Juan D'Arienzo,Armando Laborde
Orquesta Francisco Canaro con Francisco Amor,Francisco Canaro,Francisco Amor
Orquesta Alfredo Gobbi con Jorge Maciel y Héctor Coral,Alfredo J. Gobbi,"Jorge Maciel, Héctor Coral"
Orquesta Ángel D'Agostino con Tino García y Rubén Cané,Ángel D'Agostino,Rubén Cané
Orquesta Juan D'Arienzo con Roberto Lemos,Juan D'Arienzo,Roberto Lemos
Orquesta Edgardo Donato con Daniel Adamo y Jorge Denis,Edgardo Donato,"Daniel Adamo, Jorge Denis"
Orquesta Horacio Salgán con Roberto Goyeneche y Ángel Díaz,Horacio Salgán,"Ángel Díaz, Roberto Goyeneche"
Orquesta Osvaldo Pugliese con Alfredo Belusi,Osvaldo Pugliese,Alfredo Belusi
Orquesta Francisco Canaro con Francisco Amor y Isabel De Grana,Francisco Canaro,"Francisco Amor, Isabel De Grana"
Orquesta Francisco Canaro con Félix Gutiérrez,Francisco Canaro,Félix Gutiérrez
Rodolfo Biagi y Antonio Rodio con Carlos Gardel,-unspecified guitars-,Carlos Gardel
Astor Piazzolla con Héctor Insua,Astor Piazzolla,Héctor Insúa
Orquesta Ángel D'Agostino con Raúl Aldao,Ángel D'Agostino,Raúl Aldao
Orquesta Alfredo De Angelis con Carlos Aguirre,Alfredo De Angelis,Carlos Aguirre
Orquesta Horacio Salgán con Roberto Goyeneche,Horacio Salgán,Roberto Goyeneche
Orquesta Alfredo Gobbi con Jorge Maciel,Alfredo J. Gobbi,Jorge Maciel
Orquesta Osvaldo Pugliese con Jorge Vidal,Osvaldo Pugliese,Jorge Vidal
Orquesta Francisco Rotundo con Carlos Roldán,Francisco Rotundo,Carlos Roldán
Orquesta Osvaldo Pugliese con Alberto Morán y Roberto Chanel,Osvaldo Pugliese,"Roberto Chanel, Alberto Morán"
Orquesta Horacio Salgán con Ubaldo Del Lio,"Horacio Salgán, Ubaldo Aquiles De Lio",
Orquesta Héctor Varela con Argentino Ledesma,Héctor Varela,Argentino Ledesma
Orquesta Carlos Di Sarli con Horacio Casares,Carlos Di Sarli,Horacio Casares
Orquesta Osmar Maderna con Adolfo Rivas y C. Aldao,"Orquesta Simbolo Osmar Maderna, dir. Aquiles Roggero","Adolfo Rivas, Raúl Aldao"
Orquesta Aníbal Troilo con Roberto Goyeneche y Ángel Cardenas,Aníbal Troilo,"Ángel Cárdenas, Roberto Goyeneche"
Orquesta Carlos Di Sarli con Antonio Rodríguez Lesende,Carlos Di Sarli,Antonio Rodriguez Lesende
Orquesta Francisco Canaro con Alberto Arenas y Mario Alonso,Francisco Canaro,"Mario Alonso, Alberto Arenas"
Orquesta Francisco Rotundo con Ricardo Argentino,Francisco Rotundo,Ricardo Argentino
Orquesta Francisco Rotundo con Jorge Durán,Francisco Rotundo,Jorge Durán
Orquesta Osvaldo Fresedo y Dizzy Gillespie,"Osvaldo Fresedo, Dizzy Gillespie",-
Orquesta Adolfo Carabelli con Luis Díaz,Adolfo Carabelli,Luis Díaz
Orque