"""Don Pancho"" y su Quinteto Típico Argentino, Dir. Francisco Canaro - Viento En Popa - AMP (CD-1084)",02480002108429,1
14 de Coleccion - Héctor Varela con Argentino Ledesma & Rodolfo Lesica - Columbia 5092172,05099750921722,1
15 Grandes Éxitos - Alberto Castillo - Blue Moon (BMCD 2064),08427328020640,1
15 Grandes Éxitos - Carlos Di Sarli - Blue Moon (BMCD 2048),08427328020480,1
15 Grandes Éxitos - Francisco Canaro - Blue Moon (BMCD 2045),08427328020459,1
"20 Exitos - Francisco Canaro y su orquesta, canta: Carlos Roldán - Reliquias (473888)",00724347388828,1
"20 Grandes Exitos - Francisco Canaro y su orquesta, canta: Eduardo Adrián - Reliquias (473887)",00724347388729,1
20 Grandes Éxitos (Francisco Canaro),00077779787821,1
20 Grandes Éxitos - Inolvidables Aníbal Troilo - RCA (82876544222),00828765442220,1
20 Grandes Éxitos - Inolvidables Astor Piazzolla RCA (82876544192),00828765441926,1
20 Grandes Éxitos - Inolvidables Carlos Di Sarli - RCA (656735),00828765673525,1
20 Grandes Éxitos - Inolvidables Juan D'Arienzo - RCA (654418),00828765441827,1
20 Grandes Éxitos - Una Noche De Garufa - Starmusic (TK 28421) / Montevideo (RL21242),00610077188220,1
20 Grandes Éxitos - Una noche de garufa - Montevideo (RL21242),00610077188220,1
40 Tangos para bailar CD1,05099749358621,1
50 Años Con El Tango - Montevideo (RL28852),07730723288500,1
A La Gran Muñeca - Blue Moon (BMT 003),08427328140034,1
A La Gran Muñeca - Carlos Di Sarli - GLD DK 15208,00709735520820,1
A La Gran Muñeca - Carlos Di Sarli cantan: Oscar Serpa y Mario Pomar - GS 15208-2,00709735520820,1
A fuego lento,00731453700024,1
A los amigos - Osvaldo Pugliese - Reliquias (837407),00724383740727,1
A traves de los años 1931-1956 - BATC (orq 284),02480002152842,1
Ada Falcón - Cascabelito - AMP (CD-1182),02480002118220,1
Ada Falcón - La Muchachada Del Centro - AMP (CD-1120),02480002112020,1
Ada Falcón 1929-1938 - BATC (col-563/5063),02480001082126,1
Ada Falcón Vol. 1 (1929-1938) - (CTA-821),02480001082126,1
Ada Falcón Vol. 2 (1929-1938) - (CTA-822),02480001082225,1
Ada Falcón Vol. 3 (1929-1938) - (CTA-823),02480001082324,1
Ada Falcón Vol. 4 (1929-1938) - (CTA-824),02480001082423,1
Ada Falcón con Orquesta Francisco Canaro 1929-1939 - Disco Latina (CDL-3003),02480002300328,1
Adiós Marinero - El bandoneón (EBCD 35),08427328130356,1
Adiós Muchachos 1926-1938 - Harlequin (HQCD-169),00008637216924,1
Adiós Nonino - 1966 - Troilo en RCA (633452),00828766334524,1
Adiós Pampa mía - 1945/1946 - Troilo en RCA (599882),00828765998826,1
Adolfo Carabelli (Orquesta Típica Porteña) Vol. 2 (1930-1934) - (CTA-262),02480001026229,1
Adolfo Carabelli 1931-1933 - Disco Latina (SDL-2015),08427328130875,1
Adolfo Carabelli 1931-1934 - BATC (orq 247),02480002152477,1
Adolfo Carabelli Vol. 1 (1931-1933) - (CTA-261),02480001026120,1
Al Compás del Vals - Rodolfo Biagi - Reliquias (235392),05099923539228,1
Al compás del corazón - Reliquias (837413),00724383741328,1
Alfredo De Angelis (1945-1958) - Disco Latina (CDL-3008),02480002300823,1
Alfredo De Angelis - Harlequin (HQCD-153),00008637215323,1
Alfredo De Angelis - Pregonera - AMP (CD-1238),02480002123828,1
Alfredo De Angelis 1954-1976 - BATC (orq 253),02480002152538,1
Alfredo De Angelis 1966-1973 - BATC (orq 254),02480002152545,1
Alfredo De Angelis 2 en 1 - Con alma de tango - Pregonera,00724382137924,1
Alfredo De Angelis 2 en 1 - Con alma de tango | Pregonera,00724382137924,1
Alfredo Gobbi - BMG/Solo Tango 71384,00743211892322,1
Alfredo Gobbi 1947/1953 - Colección 78 RPM (EU-17008),00828766032123,1
Alfredo Gobbi 1949/1957 - Colección 78 RPM (EU-17028),00828767009728,1
Alfredo Gobbi y sus cantores 1951-1957 - Archivo RCA (EU-16012),00743219720627,1
Alma Tanguera (1927-1939) - (BMT-026),08427328140263,1
Alma de bohemio - 1965 - Troilo en RCA (622142),00828766221428,1
Amor y Celos 1927-1938 - El bandoneón (EBCD 80),08427328130806,1
Amor y Tango - BMG/Tango Argentino 41370,00743214137024,1
Angel D'Agostino y su Orquesta Típica canta Ángel Vargas - El bandoneón (EBCD 44),08427328130448,1
Anibal Troilo/Goyenche en FM Tango,00828766334227,1
Antología Vol. 1 - Polygram (PO 522375),00731452237521,1
Antología Vol. 2 - Polygram (PO 522376),00731452237620,1
Antología Vol. 3 - Polygram (PO 522377),00731452237729,1
Antología Vol. 4 - Polygram (PO 522378),00731452237828,1
Antología Vol. 5 - Polygram (PO 522379),00731452237927,1
Antología Vol. 6 - Polygram (PO 522380),00731452238023,1
Aníbal Troilo - Floreal Ruiz - RCA/BMG/Solo Tango 71386,00743211611022,1
Aníbal Troilo Obra Completa en RCA Vol. 01 - 49726,00743214972625,1
Aníbal Troilo Obra Completa en RCA Vol. 02 - 49727,00743214972724,1
Aníbal Troilo Obra Completa en RCA Vol. 03 - 49728,00743214972823,1
Aníbal Troilo Obra Completa en RCA Vol. 04 - 52147,00743215214724,1
Aníbal Troilo Obra Completa en RCA Vol. 05 - 52148,00743215214823,1
Aníbal Troilo Obra Completa en RCA Vol. 06 - 52149,00743215214922,1
Aníbal Troilo Obra Completa en RCA Vol. 07 - 58602,00743215860228,1
Aníbal Troilo Obra Completa en RCA Vol. 08 - 58603,00743215860327,1
Aníbal Troilo Obra Completa en RCA Vol. 09 - 58605,00743215860525,1
Aníbal Troilo Obra Completa en RCA Vol. 10 - 62491,00743216249121,1
Aníbal Troilo Obra Completa en RCA Vol. 11 - 62492,00743216249220,1
Aníbal Troilo Obra Completa en RCA Vol. 12 - 62493,00743216249329,1
Aníbal Troilo Obra Completa en RCA Vol. 13 - 69741,00743216974122,1
Aníbal Troilo Obra Completa en RCA Vol. 14 - 69742,00743216974221,1
Aníbal Troilo Obra Completa en RCA Vol. 15 - 69743,00743216974320,1
Aníbal Troilo Obra Completa en RCA Vol. 16 - 76711,00743217671129,1
Aníbal Troilo y su Orquesta Típica 1957-1959 - Disco Latina (CDL 3001),02480002300120,1
Apasionado - Osvaldo Fresedo - Reliquias 2002 (541700),00724354170027,1
Aquí Está el Tango - FU (D10045),02480002102298,1
"Archivo ""TK"" Vol. 1 - Bien Milonga - Aníbal Troilo 1950/51 - (EU-13001)",07798089730286,1
"Archivo ""TK"" Vol. 2 - Tecleando - Aníbal Troilo 1952 - (EU-13002)",07798089730293,1
"Archivo ""TK"" Vol. 3 - Mano Brava - Aníbal Troilo 1952/53 - (EU-13003)",07798089730309,1
"Archivo ""TK"" Vol. 4 - De Muy Adentro - Aníbal Troilo 1954/55 - (EU-13004)",07798089730316,1
"Archivo ""TK"" Vol. 5 - Sur - Aníbal Troilo 1956 - (EU-13005)",07798089730323,1
Arrabalero (Osvaldo Fresedo) - Blue Moon (BMT 024),08427328140249,1
Arrabalero - Canta: Oscar Larroca - Alfredo De Angelis - Reliquias (837417),00724383741724,1
Astor Piazzolla Vol. 1 (1945-1946) - (CTA-791),02480001079126,1
Astor Piazzolla Vol. 2 (1946-1947) - (CTA-792),02480001079225,1
Astor Piazzolla Vol. 3 (1947-1948/1956) - (CTA-793),02480001079324,1
Atenti Pebeta - Blue Moon (BMT 016),08427328140164,1
Ausencia,00724383588626,1
Azucena Maizani 1925-1935 - BATC (col-535/5035),02480002150350,1
Azucena Maizani Vol. 2 (1924-1926) - (CTA-847),02480001084724,1
Bailando Con Caló - Archivo Odeon (EU-19003),00094636268620,1
Bailando Tango Instrumentales (dancing tango) - Osvaldo Pugliese y su orquesta - EMI (5204332),00724352043323,1
"Bailando Tangos, Valses y Milongas - Reliquias (595159)",00724359515922,1
Bailando todos los ritmos - Enrique Rodríguez - Reliquias (837408),00724383740826,1
Bailando valses y milongas con Pichuco - 1941-1948 - Archivo RCA (EU-16026),00828766410921,1
Bajo Belgrano - Blue Moon (BMT 012),08427328140126,1
Barrio Belgrano - Más grande que nunca 1958-1959 - Colección Juan D'Arienzo 2005 (693502),00828766935028,1
Barrio de Tango - 1942 - Troilo en RCA (594382),00828765943826,1
BeG filtered - Osvaldo Pugliese Vol. 1 (1943-1944) - (CTA-521),02480001052129,1
BeG filtered - Todo Carlos Di Sarli de FM Tango Para Usted - Instrumental - Volumen 1 - 16108,07798113060273,1
Bien De Abajo - 40 Obras Fundamentales CD 2 (5427012),00731454270120,1
Bien Jaileife - Julio De Caro - Reliquias (541697),00724354169724,1
Bien Milonguero Vol. 1 - Florindo Sassone - Reliquias (529431),00724352943128,1
Bien Milonguero Vol. 2 - Florindo Sassone - Reliquias (529128),00724352912827,1
Bien Pulenta 1950-1952 - Colección Juan D'Arienzo 2004 (693402),00828766934021,1
Bien porteño - Aníbal Troilo - Alfredo Gobbi - para bailar - Archivo RCA (EU-16041),00886974314523,1
Buen Amigo 1927-1931 - El bandoneón (EBCD 107),08427328131070,1
Buenos Aires to Europe - Argentine Tango Bands on Tour 1925-1942 - Harlequin (HQCD-121),00008637212124,1
"Cafetín De Buenos Aires - Aníbal Troilo ""Pichuco"" canta Edmundo Rivero - BMG/Tango Argentino 1996 (412942)",00743214129425,1
Cafetín de Buenos Aires - 1948/1949 - Troilo en RCA (633432),00828766334326,1
Cambalache - Juan D'Arienzo Y Su Orquesta Típica Con Alberto Echagüe 1939-1952 - El bandoneón (EBCD 109),08427328131094,1
Campo Afuera - El bandoneón (EBCD 40),08427328130400,1
Candombe 1941-1949 - Francisco Canaro - El bandoneón (EBCD 108),05013037090802,1
Candombes y milongas - Alberto Castillo - Reliquias (499974),00724349997424,1
Canta Carlos Dante - 20 Éxitos Vol. 1 - Alfredo De Angelis - Reliquias (473889),00724347388927,1
Canta Carlos Dante - 20 Éxitos Vol. 2 - Alfredo De Angelis - Reliquias (473890),00724347389023,1
Canta Ernesto Famá Vol. 2 - Francisco Canaro - Reliquias (235394),05099923539426,1
Canta Roberto Maida Vol. 2 - Francisco Canaro - Reliquias (235393),05099923539327,1
Cantan Alberto Morán y Roberto Chanel - Osvaldo Pugliese - Reliquias (541703),00724354170324,1
Cantan Oscar Larroca y Carlos Dante - Alfredo De Angelis - Reliquias (541695),00724354169526,1
Cantemos corazón - Calla bandoneón 1955-1957 - Colección Juan D'Arienzo 2005 (693472),00828766934724,1
"Carlos Di Sarli ""Tangueando te quiero"" 1951-1953 - BATC 2010 (edicion propia EU-14031)",07798089730637,1
Carlos Di Sarli (1939-1947) - Disco Latina (CDL-3011),02480002301127,1
Carlos Di Sarli - 1954-1956 - Archivo RCA (EU-16028),00828767208121,1
Carlos Di Sarli - Jorge Durán (primera época 1945-1947) - BATC/DIEGON 89059,07898659721659,1
Carlos Di Sarli - Memorial Del Tango 13 - AMP (CD-1205M),02480002120520,1
Carlos Di Sarli - Serie de oro - sonido 2000,07798113060037,1
Carlos Di Sarli / Osvaldo Fresedo - BATC (orq 246),02480002152460,1
Carlos Di Sarli 1928/1931 - Colección 78 RPM (EU-17022),00828767009322,1
"Carlos Di Sarli 1929-1931 ""Criollo viejo"" - BATC (orq 336)",02480002153368,1
Carlos Di Sarli 1940-1947 - Colección 78 RPM (EU-17036),00828767207025,1
Carlos Di Sarli 1940/1943 - Colección 78 RPM (EU-17016),00828766032925,1
Carlos Di Sarli 1943/1948 - Colección 78 RPM (EU-17017),00828766035421,1
Carlos Di Sarli Con Cantores de FM Tango Para Usted - 19664,00743211966429,1
Carlos Di Sarli Con Jorge Durán Y Roberto Florio - 1956-1958 - Archivo RCA (EU-16023),00828766408829,1
Carlos Di Sarli Instrumental Vol. 1 - BMG/Solo Tango 71377,00743211610827,1
Carlos Di Sarli Vol. 01 (1928-1929) - CdT,02480001050125,1
Carlos Di Sarli Vol. 02 (1929-1930) - CdT,02480001050224,1
Carlos Di Sarli Vol. 03 (1930-1931) - CdT,02480001050323,1
Carlos Di Sarli Vol. 04 (1939-1940) - CdT,02480001050422,1
Carlos Di Sarli Vol. 05 (1940-1941) - CdT,02480001050521,1
Carlos Di Sarli Vol. 06 (1941-1942) - (CTA-506),02480001050620,1
Carlos Di Sarli Vol. 06 (1941-1942) - CdT,02480001050620,1
Carlos Di Sarli Vol. 07 (1942-1943) - CdT,02480001050729,1
Carlos Di Sarli Vol. 08 (1943-1944) - CdT,02480001050828,1
Carlos Di Sarli Vol. 09 (1944-1945) - CdT,02480001050927,1
Carlos Di Sarli Vol. 10 (1945-1946) - CdT,02480001051023,1
Carlos Di Sarli Vol. 11 (1946-1948) - CdT,02480001051122,1
Carlos Di Sarli Vol. 16 (1951) - (CTA-516),02480001051627,1
Carlos Di Sarli Vol. 16 (1954) - CdT,02480001051221,1
Carlos Di Sarli Vol. 17 (1952) - (CTA-517),02480001051726,1
Carlos Di Sarli Vol. 17 (1955) - CdT,02480001051320,1
Carlos Di Sarli Vol. 18 (1952-1953) - (CTA-518),02480001051825,1
Carlos Di Sarli Vol. 18 (1956) - CdT,02480001051429,1
Carlos Di Sarli Vol. 19 (1953-1954) - (CTA-519),02480001051924,1
Carlos Di Sarli Vol. 19 (1956-1958) - CdT,02480001051528,1
Carlos Di Sarli Vol. 20 (1958) - (CTA-520),02480001052020,1
Carlos Di Sarli Vol. 3 - Milonguero viejo - AMP (CD-1256),02480002125624,1
Carlos Di Sarli Vol. 4 (1939-1940) - (CTA-504),02480001050422,1
Carlos Di Sarli Vol. 7 (1942-1943) - (CTA-507),02480001050729,1
Carlos Di Sarli Vol. 9 (1944-1945) - (CTA-509),02480001050927,1
Carlos Di Sarli y su Orquesta Típica años '41 al '47 - BATC Revista Volumen 10 (836992),00743218369926,1
Carlos Di Sarli y sus cantores - 1954-1958 - Archivo RCA (EU-16010),00743219561329,1
Charlo - Linyera - (AMP-1096),02480002109624,1
Charlo 1934-1955 - BATC (col-560/5060),02480002150602,1
Che Buenos Aires - 1969/1970 - Troilo en RCA (627042),00828766270426,1
Che bandoneón - 1965 - Troilo en RCA (633412),00828766334128,1
Ciriaco Ortiz Vol. 2 (1931-1934) - (CTA-252),02480002152606,1
Classic Bands of Tango's Golden Age - Harlequin (HQCD-91),00008637209124,1
Colección,00077779662425,1
Colección Aniversario (Osvaldo Pugliese),00724349965324,1
Colección de Tango Clarin 11,09789507826641,1
Con Sabor a Tango - Alfredo De Angelis - Reliquias (477595),00724347759529,1
Corrientes y Esmeralda 1944-1949 - Colección Juan D'Arienzo 2005 (693392),00828766933925,1
Creaciones inolvidables con Podestá y Bermúdez - Pedro Laurenz - Reliquias (529110),00724352911028,1
Criollo de ley 1957-1958 - Colección Juan D'Arienzo 2005 (693492),00828766934922,1
Cuando Tallan Los Recuerdos. Aníbal Troilo con Alberto Marino - El bandoneón (EBCD 55),08427328130554,1
Cuatro Compases - El bandoneón (EBCD 48),08427328130486,1
Cuatro Palabras - Adolfo Carabelli 1931-1933 - El Bandoneón (EBCD 87),08427328130875,1
D'Arienzo Con Sus Cantores de FM Tango Para Usted - Volume 4 - 19665,00743211966528,1
D'Arienzo For Export Vol. II,00743213458229,1
D'Arienzo For Export Vol. III,00743213541525,1
D'Arienzo for Export,00743213456621,1
DJ-Remi Kooij Compilation Tango/Valses/Milongas 1,02480002102564,1
DJ-Remi Kooij Compilation Tango/Valses/Milongas 3,02480002102588,1
DJ-Remi Kooij Compilation Tango/Valses/Milongas 5,02480002102533,1
DJ-Remi Kooij Compilation Vals unknown 2,02480002102595,1
DJ-Remi Kooij La Cumparsita,02480002102557,1
DJ-Remi Kooij Osvaldo Pugliese Vivo En El Teatro Colón De Buenos Aires El 26-12-1985,00724352227327,1
De Caro por Pugliese - EMI 1996,00724383743223,1
De la Guardia Vieja - Roberto Firpo - Reliquias (837477),00724383747726,1
De la Guardia Vieja Vol. 2 - Roberto Firpo - Reliquias (499979),00724349997929,1
De la Guardia Vieja Vol. 3 - Roberto Firpo - Reliquias (541699),00724354169922,1
De mi barrio - Alberto Castillo - Reliquias (859022),00724385902222,1
De pura cepa 1935-1936 - Colección Juan D'Arienzo 2004 (693302),00828766933024,1
De un tiempo que pasó - Osvaldo Fresedo - Reliquias (495377),00724349537729,1
Del compás te llaman Rey 1962-1963 - Colección Juan D'Arienzo 2005 (693542),00828766935424,1
Desde el Alma - Francisco Canaro - Reliquias (837414),00724383741427,1
Después de las Estrellas - Miguel Caló - Reliquias (379177),00094637917725,1
Discografía Completa Vol. 1 CD 1 = El Rey del Compas - Magenta,07798067339555,1
Discografía Completa Vol. 1 CD 1 = Naranjo en Flor (Magenta 60103),07798067339609,1
Discografía Completa Vol. 1 CD 1 = Vieja Recova - Magenta 2003,07798067330460,1
Discografía Completa Vol. 1 CD 2 = La Morocha canta Alberto Echagüe - Magenta,07798067330286,1
Domingo Federico canta Rubén Sánchez - Miguel Caló canta Raúl del Mar - BATC Ediciones Columbia (col 506),02480002150060,1
Dos En Uno (Osvaldo Fresedo),00724382159124,1
Dos En Uno (Osvaldo Pugliese),00724382159629,1
Dos Maestros...Dos Estilos - Pugliese / De Angelis - Archivo Odeon (EU-19011),00094638988021,1
"Dos maestros, dos estilos - Carlos Di Sarli - Juan D'Arienzo - Seleccion Bailable - Vol. 1 - Archivo RCA (EU-16019)",00828765218221,1
Edgardo Donato - Memorial Del Tango 11 - AMP (CD-1197M),02480002119722,1
Edgardo Donato - RGS Music (1640-2),07798145106406,1
"Edgardo Donato 1930-1932 ""Viejo Palermo"" - BATC (orq 318)",02480002153184,1
Edgardo Donato 1930-1936 - BATC (orq 228),02480002152286,1
Edgardo Donato 1931-1932 - BATC (orq 275),02480002152750,1
Edgardo Donato 1933-1941 - BATC (orq 208),02480002152088,1
Edgardo Donato 1933/1941 - Colección 78 RPM (EU-17019),00828766124224,1
Edgardo Donato 1936-1945 - BATC (orq 229),02480002152293,1
Edgardo Donato 1938/1942 - Colección 78 RPM (EU-17025),00828767009520,1
Edgardo Donato Vol. 1 (1932-1941) - (CTA-241),02480001024126,1
Edgardo Donato Vol. 3 (1933-1941) - (CTA-243),02480001024324,1
Edgardo Donato Vol. 3 - Vagabundo - AMP (CD-1121),02480002112129,1
Edgardo Donato Vol. 4 (1934-1944) - (CTA-244),02480001024423,1
Edgardo Donato Vol. 4 - Elegante papirusa - AMP (CD-1152),02480002115229,1
Edgardo Donato Vol. 5 - Chiqué - AMP (CD-1233),02480002123323,1
Edgardo Donato Vol. 6 - Se va la vida - AMP (CD-1280),02480002128021,1
Edgardo Donato y sus Muchachos 1932-1941 - Disco Latina (CDL-3020),02480002302025,1
Edgardo Donato y sus muchachos - Orquesta Donato-Zerrillo 1928-1931 - El bandoneón 2001 (EBCD 139),08427328131391,1
Edgardo Donato y sus muchachos 1932-1939 - El bandoenón 2003 (EBCD 88),08427328130882,1
Edgardo Donato y sus muchachos 1935-1942 A media luz - El bandoneón 1998 (EBCD 95),08427328130950,1
"El ""Chato"" Flores en el Recuerdo - Enrique Rodríguez - Reliquias (541705)",00724354170522,1
El Aguacero - El bandoneón (EBCD 119),08427328131193,1
El Cantor De Los 100 Barrios Porteños,08427328140058,1
"El Dia De Tu Ausencia cantan: Roberto Chanel, Alberto Morán",08427328130967,1
"El Gordo y el Polaco - Aníbal Troilo ""Pichuco"" y Roberto Goyeneche - BMG/Tango Argentino 1996 (412902)",00743214129029,1
El Gran Osvaldo Pugliese en FM Tango - 512650,00731451265020,1
"El Inmortal ""Pichuco"" - El Bandoneón (EBCD 1)",08427328130011,1
El Rey Del Compás - El bandoneón (EBCD 43),08427328130431,1
El Rey del Compás 1941-1943 - Colección Juan D'Arienzo 2004 (693342),00828766933420,1
El Señor del Tango - El bandoneón (EBCD 38),08427328130387,1
El Señor del Tango - Orfeón,00099441336120,1
El Señor del Tango - Polygram (533401-2),02480002028314,1
El Tango En Europa Vol. 3 - BATC (orq-235),02480002152354,1
El Tango En Uruguay 1945-1952 - BATC (COL-572/5072),02480002150725,1
El Tango de Buenos Aires - Reliquias 2005 (477600),00724347760020,1
El Tango en Barcelona CD 1 - El Bandoneón (EBCD 45),08427328130455,1
El Tango...Es el Tango - BMG/Tango Argentino (41295),00743214129524,1
El Viejo Vals - Blue Moon (BMT 004),08427328140041,1
El Violín Romántico Del Tango - El bandoneón (EBCD 94),08427328130639,1
El esquinazo 1937-1938 - Colección Juan D'Arienzo 2005 (693312),00828766933123,1
El inolvidable Julio de Caro y su sexteto típico 1926-28 - El bandoneón (EBCD 6),08427328130066,1
El pibe de la paternal - El bandoneón (EBCD 49),08427328130493,1
En Vivo En El Teatro Colón De Buenos Aires Volumen 1 y 2,00724352227327,1
En la década del '50 - Edgardo Donato - Archivo Odeon (EU 19017),00094638988922,1
Encuentro - Francisco Canaro y su Orquesta Típica - canta: Guillermo Rico - Reliquias (379176),00094637917626,1
Encuentro - Ricardo Tanturi Los Indios canta Enrique Campos - BMG/Tango Argentino (63355),00743216335527,1
Enrique Rodríguez (1939-1956) - Disco Latina (CDL-3014),02480002301424,1
Enrique Rodríguez - Son cosas del bandoneón - (AMP-1132),02480002113225,1
Enrique Rodríguez Y Su Orquesta Típica 1939-1946 - El bandoneón (EBCD 101),08427328131018,1
Escalas En Azu - Osmar Maderna Y Su Orquesta Típica 1946-1950 - El bandoneón (EBCD 102),08427328131025,1
Esto es puro compás - BATC/DIEGON 89061,07898659721703,1
Evocando El 40,00724383231522,1
Fechoría - 1970 - Troilo en RCA (599362),00828765993623,1
"Finally Together Volume 1 - Astor Piazzolla & The New Tango Sex-Tet Live in ""Carré"" Amsterdam - Lucho 7704",08711315770428,1
"Finally Together Volume 2 - Osvaldo Pugliese Orquesta Típica Live in ""Carré"" Amsterdam - Lucho 7705",00724383153923,1
"Florindo Sassone - ""El relampago"" - (AMP-1139)",02480002113928,1
Florindo Sassone Con Sus Cantores - 1947-1956 - Archivo RCA (EU-16021),08427328131209,1
Francini - Pontier - 1951-1955 - Archivo RCA (EU-16027),00828767207926,1
Francini - Pontier 1946/1949 - Colección 78 RPM (EU-17037),00828767207827,1
Francini - Pontier 1946/1950 - Colección 78 RPM (EU-17004),00828766025323,1
Francini - Pontier 1949/1953 - Colección 78 RPM (EU-17038),00828767207728,1
Francini-Pontier (1946-1955) - Disco Latina (SDL-2018),02480002201823,1
Francini-Pontier Instrumental Vol. 1 - 1946-1952 - Archivo RCA (EU-16013),00743219884220,1
Francini-Pontier Instrumental Vol. 2 - 1952-1955 - Archivo RCA (EU-16016),00828765028424,1
"Francisco Canaro ""Mano Brava"" 1924-1940 - Harlequin (HQCD-117)",00008637211721,1
Francisco Canaro (1929) - (CTA-703),02480001070321,1
Francisco Canaro (1930) - (CTA-701),02480002152880,1
Francisco Canaro (1931-1932) - (CTA-704),02480002152903,1
Francisco Canaro (1932-1933) - (CTA-705),02480002152910,1
Francisco Canaro (1934) - (CTA-707),02480002152927,1
Francisco Canaro (1935) - (CTA-708),02480001070826,1
Francisco Canaro (1936) - (CTA-709),02480001070925,1
Francisco Canaro (1937) - (CTA-710),02480001071021,1
Francisco Canaro (1938) - (CTA-771),02480001077122,1
Francisco Canaro (1939) - (CTA-772),02480002153092,1
Francisco Canaro (1940) - (CTA-773),02480001077320,1
Francisco Canaro (1941) - (CTA-774),02480001077429,1
Francisco Canaro - Serie Romantica Vol. 12 - Arrabalero - AMP (CD-1089),02480002108924,1
Francisco Canaro - Serie Romantica Vol. 13 - La última copa - (AMP-1113),02480002111320,1
Francisco Canaro - Serie Romantica Vol. 18 - Ventanita De Arrabal - AMP (CD-1249),02480002124924,1
Francisco Canaro - Serie Romantica Vol. 19 - Esta noche me emborracho - AMP (CD-1273),02480002127321,1
Francisco Canaro - Serie de oro - sonido 2000 (SO 1004),07798113060051,1
Francisco Canaro - Tango clasico - (AMP-1207),02480002120728,1
"Francisco Canaro 1926-1927 ""Calavera viejo"" - BATC (orq 337)",02480002153375,1
Francisco Canaro 1926-1929 - BATC (orq 226),02480002120728,1
"Francisco Canaro 1927-1928 ""Tiempos que fueron"" - BATC (orq 329)",02480002153290,1
Francisco Canaro 1927-1928 - BATC (orq 237),02480002152378,1
Francisco Canaro 1927-1940 - BATC (orq 251),02480002152514,1
Francisco Canaro 1927/1931 - BATC (orq 203),02480002152033,1
"Francisco Canaro 1928-1931 ""Tiempos viejos"" - BATC (orq 325)",02480002153252,1
"Francisco Canaro 1929 ""Estampa del suburbio"" - BATC (orq 287)",02480001070321,1
"Francisco Canaro 1929-1933 ""Serie sinfonica"" - BATC (orq 259)",02480002152590,1
Francisco Canaro 1929-1947 - BATC (orq 252),02480002152521,1
"Francisco Canaro 1930 ""Fueye querido"" - BATC (orq 288)",02480002152880,1
"Francisco Canaro 1930-1931 ""Criollazo"" - BATC (orq 289)",02480001070222,1
"Francisco Canaro 1930-1941 ""Corazón de oro"" - BATC (orq 310)",02480001105221,1
"Francisco Canaro 1931-1932 ""Yo te adoro banondeón"" - BATC (orq 290)",02480002152903,1
"Francisco Canaro 1932 ""Fenomeno"" - BATC (orq 308)",02480002153085,1
"Francisco Canaro 1932-1933 ""La canción de Buenos Aires"" - BATC (orq 291)",02480002152910,1
"Francisco Canaro 1932-1934 ""Dos amores"" - BATC (orq 340)",02480002153405,1
Francisco Canaro 1933-1934 - BATC (orq 227),02480002115922,1
"Francisco Canaro 1933-1940 ""La Milonga De Buenos Aires"" - BATC (orq 286)",02480001105122,1
"Francisco Canaro 1934 ""Esquinas porteñas"" - BATC (orq 292)",02480002152927,1
"Francisco Canaro 1934-1941 ""Tangos, Valses y Milongas"", BATC (orq 341)",02480002153412,1
"Francisco Canaro 1935 ""Noches de Buenos Aires"" - BATC (orq 295)",02480001070826,1
"Francisco Canaro 1936 ""Yo tambien soñe"" - BATC (orq 296)",02480001070925,1
"Francisco Canaro 1937 ""Pura Milonga"" - BATC (orq 299)",02480001071021,1
"Francisco Canaro 1938 ""Sangre de suburbio"" - BATC (orq 300)",02480001077122,1
"Francisco Canaro 1939 ""Sinfonia de arrabal"" - BATC (orq 309)",02480002153092,1
"Francisco Canaro 1940 ""Bandoneon de mis amores"" - BATC (orq 311)",02480001077320,1
"Francisco Canaro 1941 ""Acariciando recuerdos"" - BATC (orq 312)",02480001077429,1
Francisco Canaro II - Memorial Del Tango 23 - AMP (CD-1263M),02480002126324,1
Francisco Canaro Vol. 15 (1927) - (CTA-775),02480001077528,1
Francisco Canaro Vol. 16. (1928) - (CTA-776),02480001077627,1
Francisco Canaro Vol. 17 (1928) (II) - (CTA-777),02480001077726,1
Francisco Canaro en Japón - Diciembre 1961 - BATC (col-524/5024),02480002150244,1
Francisco Canaro en la decada del '30 Vol. 10 - Alma De Bandoneón - AMP (CD-1257),02480002125723,1
Francisco Canaro en la decada del '30 Vol. 9 - Yira.. Yira.. - AMP (CD-1231),02480002123125,1
Francisco Canaro en la decada del 30 Vol. 4 - El acomodo - (AMP-1085),02480002108528,1
Francisco Canaro en la decada del 30 Vol. 5 - San Telmo - (AMP-1107),02480002110729,1
Francisco Canaro en la decada del 30 Vol. 7 - El acomodo - (AMP-1159),02480002115922,1
Francisco Canaro en la decada del 30 Vol. 8 - Charamusca - (AMP-1201),02480002153405,1
Francisco Canaro y su Orquesta típica 1926-1927 - El bandoneón (EBCD 134),08427328131346,1
Francisco Canaro y su orquesta típica en Japón - BATC (col-525/5025),02480002150251,1
Francisco Lomuto (1927-1930) - (CTA-731),02480001073124,1
Francisco Lomuto - RCA Club 61538,00743216153824,1
Francisco Lomuto - Ventanita de arrabal - (AMP-1119),02480002111924,1
"Francisco Lomuto 1926-1929 ""Canchero viejo"" - BATC (orq 333)",02480002121121,1
Francisco Lomuto 1927 - BATC (orq 277),02480002116127,1
Francisco Lomuto 1927-1929 - BATC (orq 262),02480002152620,1
"Francisco Lomuto 1927-1930 ""Campanita"" - Colección ""Para Entendidos"" - BATC (orq 342)",02480002153429,1
"Francisco Lomuto 1927-1930 ""Tango Argentino"" - BATC (orq 322)",02480002153221,1
Francisco Lomuto 1927-1930 - BATC (orq 273),02480002152736,1
Francisco Lomuto 1927-1930 - Disco Latina (SDL-2009),02480002200925,1
Francisco Lomuto 1927-1931 - BATC (orq 204),02480002152040,1
Francisco Lomuto 1927-1943 - BATC (orq 250),02480002152507,1
Francisco Lomuto 1931-1934 - BATC (orq 240),02480002118527,1
Francisco Lomuto 1931/1950 - Colección 78 RPM (EU-17001),00828766024920,1
Francisco Lomuto 1931/1950 vol 1 - Colección 78 RPM (EU-17023),00828767020129,1
Francisco Lomuto II (1927-1930) - (CTA-732),02480001073223,1
Francisco Lomuto II - Memorial Del Tango 25 - AMP (CD-1275M),02480002127529,1
Francisco Lomuto III (1927-1931) - (CTA-733),02480001073322,1
Francisco Lomuto IV (1927-1930) - (CTA-734),02480001073421,1
Francisco Lomuto Sello RCA Victor Vol. 01 (1931) - CdT,02480001022122,1
Francisco Lomuto Sello RCA Victor Vol. 02 (1931-1932) - CdT,02480001022221,1
Francisco Lomuto Vol 5 1927-1930 - BATC (orq 270),02480001073421,1
Francisco Lomuto Vol. 1 (1931) - (CTA-221),02480001022122,1
Francisco Lomuto Vol. 10 - Mamita - AMP (CD-1237),02480002152620,1
Francisco Lomuto Vol. 11 - Recuerdo - AMP (CD-1261),02480002126126,1
Francisco Lomuto Vol. 2 (1931-1932) - (CTA-222),02480001022221,1
Francisco Lomuto Vol. 3 (1932-1933) - (CTA-223),02480001022320,1
Francisco Lomuto Vol. 4 (1933) - (CTA-224),02480001022429,1
Francisco Lomuto Vol. 5 (1934) - (CTA-225),02480001022528,1
Francisco Lomuto Vol. 5 - Zorro Viejo - AMP (CD-1095),02480002109525,1
Francisco Lomuto Vol. 6 (1934-1935) - (CTA-226),02480001022627,1
Francisco Lomuto Vol. 8 - Alma del bandoneón - (AMP-1185),02480002118527,1
Francisco Lomuto Vol. 9 - Lamento criollo - (AMP-1211),02480002121121,1
Francisco Lomuto Y Su Orquesta Típica 1927-1940 - El bandoneón (EBCD 138),08427328131384,1
Francisco Pancho Lomuto y su orquesta típica (1930-1941) - El bandoneón (EBCD 9),08427328130097,1
Francisco Rotundo con sus cantores Ruiz-Roldán-Campos-Sosa - BATC (orq 223),02480002152231,1
From Argentina to the world - Alfredo De Angelis,00821838343929,1
From Argentina to the world - Aníbal Troilo,00724349443228,1
From Argentina to the world - Carlos Gardel,00094637195925,1
From Argentina to the world - Florindo Sassone,00094637196724,1
From Argentina to the world - Francisco Canaro,00724383785629,1
From Argentina to the world - Greatest Tangos,00724383785926,1
From Argentina to the world - Greatest Tangos y Milongas,00094637197127,1
From Argentina to the world - Greatest Tangos y Valses,00094637205723,1
From Argentina to the world - Héctor Varela,00094637196922,1
From Argentina to the world - Julio De Caro,00094637196526,1
From Argentina to the world - Miguel Caló,00094637196427,1
From Argentina to the world - Osvaldo Fresedo,00094637196625,1
From Argentina to the world - Osvaldo Pugliese,00094637195628,1
From Argentina to the world - Roberto Firpo,00094637197028,1
From Argentina to the world - Rodolfo Biagi,00094637196328,1
Fueye - 1971 - Troilo en RCA (633392),00828766333923,1
Fumando Espero - Canta: Carlos Dante - Alfredo De Angelis - Reliquias (837416),00724383741625,1
Garúa - 1961/1962 - Troilo en RCA (599782),00828765997829,1
Grabaciones Completas 1938-1950 Volumen 1 (CD 1) - El Bandoneón (EBCD 306),08427328133067,1
Grabaciones Completas 1938-1950 Volumen 1 (CD 2) - El Bandoneón (EBCD 307),08427328133074,1
Grabaciones Completas 1938-1950 Volumen 1 (CD 3) - El Bandoneón (EBCD 308),00743214972823,1
Grabaciones Completas 1938-1950 Volumen 1 (CD 4) - El Bandoneón (EBCD 309),08427328133098,1
Grabaciones Completas 1938-1950 Volumen 2 (CD 1) - El bandoneón (EBCD 311),08427328133111,1
Grabaciones Completas 1938-1950 Volumen 2 (CD 2) - El Bandoneón (EBCD 312),08427328133128,1
Grabaciones Completas 1938-1950 Volumen 2 (CD 3) - El bandoneón (EBCD 313),08427328133135,1
Grabaciones Completas 1938-1950 Volumen 2 (CD 4) - El Bandoneón (EBCD 314),08427328133142,1
Grabaciones Olvidadas - Ricardo Malerba / José García - Reliquias (541701),00724354170126,1
Grabaciones Olvidadas Vol. 2 - Pedro Laurenz / Ricardo Malerba - Reliquias (595160),00724359516028,1
Grandes Exitos - Francisco Canaro - Serie de oro tango,00724349962828,1
Grandes Exitos - Miguel Caló - Serie de oro tango,00077779918324,1
Grandes Exitos - Osvaldo Pugliese - Serie de oro tango,00724349965324,1
Grandes Exitos - Roberto Firpo - Serie de oro tango,00724357728225,1
Grandes Tangos Argentinos - Florindo Sassone - Reliquias (477602),00724347760228,1
Grandes del Tango 04 - Los Gloriosos '40 Vol. 2 - Aníbal Troilo 2 CD 1 - Lantower,00743214972427,1
Grandes del Tango 08 - Carlos Gardel 3 CD 2 - Lantower,07798108080026,1
Grandes del Tango 09 - Osvaldo Pugliese 2 CD 2 - Lantower,07798108080071,1
Grandes del Tango 20 - Alfredo De Angelis Vol. 2 CD 2 - Lantower,07798108080439,1
Grandes del Tango 25 - Osvaldo Fresedo CD 1 - Lantower,07798108080521,1
"Grandes del Tango 50 - Agustín Magaldi ""Cantor Nacional"" CD 1 - Lantower",02480001022320,1
Grandes Éxitos - Sondor (8181),07730725818125,1
Great Bands Of Tango's Golden Age 1936-1940 - Harlequin (HQCD-89),00008637208929,1
Homenaje A Los Poetas Del Tango - Enrique Cadicamo - El bandoneón (EBCD 74),08427328130745,1
Homenaje Al Maestro Freddy Scorticati - Orquesta Típica Victor Ex. 5 - (AMP-1165),02480002116523,1
Homenaje a Carlos Gardel - Francisco Canaro - Argentino Ledesma - Archivo Odeon (EU-19004),00094636268927,1
Horacio Salgan Y Su Orquesta Típica 1950-1954 - El bandoneón (EBCD 42),08427328130424,1
Horacio Salgán - RCA/BMG/Solo Tango 71374,00743217137427,1
Horacio Salgán 1950-1956 - BATC (orq 257),02480002152576,1
Héctor Varela 1956-1961 - BATC (orq 258),02480002152583,1
Héctor Varela Vol. 1 (1950-1952) - (CTA-415),02480001041529,1
Héctor Varela Vol. 1 1954-1958 - Archivo Columbia (EU-18004),00828768362921,1
Héctor Varela Vol. 2 (1952-1953) - (CTA-416),02480001041628,1
Héctor Varela Vol. 2 1958-1961 - Archivo Columbia (EU-18005),00828768363027,1
Héctor Varela y sus cantores - Magenta (88094),00605889130727,1
Ignacio Corsini Vol. 5 - Mentira - AMP (CD-1274),02480002127420,1
Instrumental - Carlos Di Sarli - BMG/Tango Argentino (41297),00743214129722,1
"Instrumental 1941-1944 - Aníbal Troilo ""Pichuco"" - BMG/Tango Argentino 1997 (497242)",00743214972427,1
Instrumental 1947-1958 - BATC 2009 (edicion propia EU-14027),07798089730590,1
"Instrumental Tangos of the ""Old Guard"" - Harlequin (HQCD-70)",00008637207021,1
Instrumental Tangos of the Golden Age - Harlequin (HQCD-45),00008637204525,1
Instrumental Vol. 2 - Carlos Di Sarli - BMG/Tango Argentino (63345),00743216334520,1
Instrumentales Incomparables - Héctor Varela - Reliquias (529131),00724352913121,1
Instrumentales Inolvidables - Alfredo De Angelis - Reliquias (499986),00724349998629,1
Instrumentales Inolvidables - Osvaldo Pugliese - Reliquias (859023),00724385902321,1
Instrumentales Inolvidables Vol. 2 - Osvaldo Pugliese - Reliquias (399985),00724349998520,1
Instrumentales Inolvidables Vol. 3 - Osvaldo Pugliese - Reliquias (499962),00724349996229,1
Instrumentales Para Bailar - Francisco Canaro - Reliquias (499972),00724349997226,1
Instrumentales de Colección - Reliquias (473886),00724347388620,1
Instrumentales inolvidables - Alfredo Gobbi - BMG/Tango Argentino 1998 (633492),00743216334926,1
Inéditos De Aníbal Troilo Vol. 1 - BATC (col 501),02480002150015,1
Inéditos de Aníbal Troilo vol. 2 - BATC (col 502),02480002150022,1
Joyas Del Lunfardo - BMG/Tango Argentino (41279),00743214127926,1
"Juan D'Arienzo - ""Lagrimas"" - (AMP-1136)",02480002113621,1
Juan D'Arienzo - BMG/Solo Tango 71376,08427328130998,1
Juan D'Arienzo - RCA Club 65605,00743213541624,1
Juan D'Arienzo 1928-1929 - BATC (orq 276),02480001060223,1
Juan D'Arienzo 1940/1942 - Colección 78 RPM (EU-17009),00828766032222,1
Juan D'Arienzo 1941/1944 - Colección 78 RPM (EU-17010),00828766032321,1
Juan D'Arienzo 1944/1949 - Colección 78 RPM (EU-17011),00828766032420,1
Juan D'Arienzo 1947/1952 - Colección 78 RPM (EU-17040),00828767206325,1
Juan D'Arienzo Instrumental Vol. 1 - BMG/Solo Tango 71372,00743213541624,1
Juan D'Arienzo Serie Electra Vol. 2 - (CTA-602),02480001060223,1
Juan D'Arienzo Vol. 01 (1935-1936) - (CTA-301),02480001030127,1
Juan D'Arienzo Vol. 01 (1935-1936) - CdT,02480001030127,1
Juan D'Arienzo Vol. 02 (1936-1937) - (CTA-302),02480001030226,1
Juan D'Arienzo Vol. 02 (1936-1937) - CdT,02480001030226,1
Juan D'Arienzo Vol. 03 (1937) - (CTA-303),02480001030325,1
Juan D'Arienzo Vol. 04 (1937-1938) - (CTA-304),02480001030424,1
Juan D'Arienzo Vol. 05 (1938-1939) - (CTA-305),02480001030523,1
Juan D'Arienzo Vol. 06 (1939-1940) - (CTA-306),02480001030622,1
Juan D'Arienzo Vol. 07 (1940-1941) - (CTA-307),02480001030721,1
Juan D'Arienzo Vol. 08 (1941) - (CTA-308),02480001030820,1
Juan D'Arienzo Vol. 09 (1941-1942) - (CTA-309),02480001030929,1
Juan D'Arienzo Vol. 10 (1942-1943) - (CTA-310),02480001031025,1
Juan D'Arienzo Vol. 11 (1943) - (CTA-311),02480001031124,1
Juan D'Arienzo Vol. 12 (1944) - (CTA-312),02480001031223,1
Juan D'Arienzo Vol. 12 (1944) - CdT,02480001031223,1
Juan D'Arienzo Vol. 13 (1944-1945) - (CTA-313),02480001031322,1
Juan D'Arienzo Vol. 14 (1945-1946) - (CTA-314),02480001031421,1
Juan D'Arienzo Vol. 14 (1945-1946) - CdT,02480001031421,1
Juan D'Arienzo Vol. 15 (1946-1947) - (CTA-315),02480001031520,1
Juan D'Arienzo Vol. 16 (1947-1948) - (CTA-316),02480001031629,1
Juan D'Arienzo Vol. 16 (1947-1948) - CdT,02480001031629,1
Juan D'Arienzo Vol. 17 (1948-1949) - (CTA-317),02480001031728,1
Juan D'Arienzo Vol. 17 (1948-1949) - CdT,02480001031728,1
Juan D'Arienzo Vol. 18 (1949-1950) - (CTA-318),02480001031827,1
Juan D'Arienzo Vol. 18 (1949-1950) - CdT,02480001031827,1
Juan D'Arienzo Vol. 19 (1950-1951) - (CTA-319),02480001031926,1
Juan D'Arienzo Vol. 20 (1951-1952) - (CTA-320),02480001032022,1
Juan D'Arienzo Vol. 20 (1951-1952) - CdT,02480001032022,1
Juan D'Arienzo Vol. 21 (1952-1953) - CdT,02480001032121,1
Juan D'Arienzo Vol. 22 (1953-1954) - (CTA-322),02480001032220,1
Juan D'Arienzo Vol. 22 (1953-1954) - CdT,02480001032220,1
Juan D'Arienzo Vol. 23 (1954-1955) - (CTA-323),02480001032329,1
Juan D'Arienzo Vol. 23 (1954-1955) - CdT,02480001032329,1
Juan D'Arienzo Vol. 24 (1955-1956) - (CTA 324),02480001032428,1
Juan D'Arienzo Vol. 25 (1956-1957) - (CTA-325),02480001032527,1
Juan D'Arienzo Vol. 26 (1957-1958),02480001032626,1
Juan D'Arienzo Vol. 27 (1958),02480001032725,1
Juan D'Arienzo Vol. 28 (1958),02480001032824,1
Juan D'Arienzo Vol. 29 (1958-1959),02480001032923,1
Juan D'Arienzo Vol. 30 (1959-1960),02480001033029,1
Juan D'Arienzo Vol. 31 (1960-1961),02480001033128,1
Juan D'Arienzo Vol. 32 (1961),02480001033227,1
Juan D'Arienzo Vol. 33 (1961-1962),02480001033326,1
Juan D'Arienzo Vol. 34 (1962-1963),02480001033425,1
Juan D'Arienzo Vol. 35 (1963),02480001033524,1
Juan D'Arienzo Vol. 36 (1963-1964),02480001033623,1
Juan D'Arienzo Vol. 37 (1964-1965),02480001033722,1
Juan D'Arienzo Vol. 38 (1965),02480001033821,1
Juan D'Arienzo Vol. 39 (1965-66),02480001033920,1
Juan D'Arienzo Vol. 40 (1966-1967),02480001034026,1
Juan D'Arienzo Vol. 41 (1967),02480001034125,1
Juan D'Arienzo Vol. 42 (1967-1969),02480001034224,1
Juan D'Arienzo Vol. 43 (1969),02480001034323,1
Juan D'Arienzo Vol. 44 (1969-1970),02480001034422,1
Juan D'Arienzo Vol. 46 (1971),02480001034620,1
Juan D'Arienzo Vol. 47 (1971-1973),02480001034729,1
Juan D'Arienzo Vol. 48 (1973-1975),02480001034828,1
Juan D'Arienzo Y Su Orquesta Típica 1928-1929 - El bandoneón (EBCD 133),08427328131339,1
Juan D'Arienzo años '57 al '63 - BATC Revista Volumen 11 (862512),00743218625121,1
"Juan D'Arienzo con Libertad Lamarque, Alberto Echagüe, Armando Laborde 1954-1957 - Archivo RCA (EU-16009)",00743219561220,1
Juan D'Arienzo Época de oro Vol. 01 (1935-9138) - (APCD-6501),02480002027713,1
Juan D'Arienzo Época de oro Vol. 02 (1939-1939) - (APCD-6502),02480002027720,1
Juan D'Arienzo Época de oro Vol. 03 (1940-1941) - (APCD-6503),02480002027737,1
Juan D'Arienzo Época de oro Vol. 04 (1942-1944) - (APCD-6504),02480002027744,1
Juan D'Arienzo Época de oro Vol. 05 (1944-1945) - (APCD-6505),02480002027751,1
Juan D'Arienzo Época de oro Vol. 06 (1946-1947) - (APCD-6506),02480002027768,1
Juan D'Arienzo Época de oro Vol. 07 (1948-1950) - (APCD-6507),02480002027775,1
Juan D'Arienzo Época de oro Vol. 08 (1950-1952) - (APCD-6508),02480002027782,1
Juan D'Arienzo Época de oro Vol. 09 (1953-1954) - (APCD-6509),02480002027799,1
Juan D'Arienzo Época de oro Vol. 10 (1955-1957) - (APCD-6510),02480002027805,1
Juan D'Arienzo Época de oro Vol. 11 (1957-1961) - (APCD-6511),02480002027812,1
"Juan Maglio ""Pacho"" 1926-1931 - BATC (orq 261)",02480002152613,1
"Juan Maglio ""Pacho"" 1927-1928 - BATC (ORQ-243)",02480002152439,1
"Juan Maglio ""Pacho"" 1927-1930 - BATC (orq 272)",02480002152729,1
"Juan Maglio ""Pacho"" 1929-1931 - BATC (orq 326)",02480002153269,1
"Juan Maglio ""Pacho"" Vol. 1 - 1927-1928 - Disco Latina (SDL-2006)",02480002200628,1
"Juan Maglio ""Pacho"" Vol. 2 - 1928-1932 - Disco Latina (SDL-2017)",02480002201724,1
"Juan Maglio ""Pacho"" Vol. 6 - Siete palabra - AMP (CD-1101)",02480002110125,1
Juan Maglio (Pacho) (1929-1930) - (CTA-721),02480002152729,1
Juan Maglio (Pacho) (II) (1927-1931) - (CTA-722),02480001072226,1
Juan Maglio (Pacho) - BATC (orq 201),02480002152019,1
Juan Maglio (Pacho) III (1927-1930) - (CTA-723),02480001072325,1
Juan Maglio (Pacho) IV (1927-1931) - (CTA-724),02480001072424,1
Juan Maglio (Pacho) V (1926-1930) - (CTA-725),02480001072523,1
Juan Maglio (Pacho) VI (1926-1931) - (CTA-726),02480001072622,1
Juan Maglio (Pacho) VII (1926-1931) - (CTA-727),02480001072721,1
Juan Maglio (Pacho) VIII (1926-1932) - (CTA-728),02480001072820,1
"Juan Maglio 1926-1930 ""Milonguero viejo"" - BATC (orq 305)",02480002153054,1
"Juan Maglio 1926-1932 ""Alma y corazón"" - BATC (orq 293)",02480002152934,1
"Juan Maglio 1928-1931 ""Mi barrio querido"" - BATC (orq 294)",02480002152941,1
"Julio De Caro (1926-1928) - Baleccion ""Para Entendidos"" - BATC (orq-281)",00828768502525,1
Julio De Caro (1935-1942) - (CTA-762),02480001076224,1
Julio De Caro (1949-1951) - (CTA-760),02480001076026,1
Julio De Caro (1951-1953) - (CTA-761),02480001076125,1
Julio De Caro - RCA/BMG/Solo Tango 71388,00821838336228,1
Julio De Caro 1926-1932 - Harlequin (HQCD-143),00008637214326,1
Julio De Caro 1929-1931 - BATC (orq 222),02480002119920,1
"Julio De Caro 1935-1942 ""Saca chispas"" - BATC (orq 297)",02480002152972,1
"Julio De Caro 1949-1953 ""De mi barrio"" - BATC (orq 313)",02480002153139,1
Julio De Caro Vol. 03 (1926) Sello RCA Victor - CdT,02480001012123,1
Julio De Caro Vol. 04 (1926-1927) Sello RCA Victor - CdT,02480001012222,1
Julio De Caro Vol. 05 (1927) Sello RCA Victor - CdT,02480001012321,1
Julio De Caro Vol. 06 (1927-1928) Sello RCA Victor - CdT,02480001012420,1
Julio De Caro Vol. 07 (1928-1934) Sello RCA Victor - CdT,02480001012529,1
Julio De Caro Vol. 1 (1926) - (CTA-121),02480001012123,1
Julio De Caro Vol. 10 - Boedo - AMP (CD-1269),02480002126928,1
Julio De Caro Vol. 2 (1926-1927) - (CTA-122),02480001012222,1
Julio De Caro Vol. 3 (1927) - (CTA-123),02480001012321,1
Julio De Caro Vol. 4 (1927-1928) - (CTA-124),02480001012420,1
Julio De Caro Vol. 5 (1928/1934) - (CTA-125),02480001012529,1
Julio De Caro Vol. 5 - Jueves - AMP (CD-1091),02480002109129,1
Julio De Caro Vol. 6 (1924-1926) - (CTA-126),02480001012628,1
Julio De Caro Vol. 6 - Chiqué - AMP (CD-1115),02480002111528,1
Julio De Caro Vol. 7 - A pan y agua - AMP (CD-1143),02480002114321,1
Julio De Caro Vol. 9 - Moulin Rouge - AMP (CD-1245),02480002124528,1
King of Rhythm 1937-1944 - Harlequin (HQCD-71),00008637207120,1
La Cachila,02480002028215,1
La Cara De La Luna,00724383582426,1
La Cumparsita - 1943 - Troilo en RCA (594402),00828765944021,1
La Cumparsita - 20 Veces Inmortal - EMI (7975192),00077779751921,1
La Cumparsita - Sondor (4767),00043011302923,1
La Cumparsita - Tango Argentino - Living Era CD AJA 5456,00743625545623,1
La Cumparsita - Versiones de distintas orquestas - Década del '40 al '90 - BATC (COL-514/5014),02480002150145,1
La Cumparsita - Versiones de los '60 en adelante Vol. 2 - BATC (COL-559/5059),02480002150596,1
La Cumparsita Juan D'Arienzo y su Orquesta típica 1935-1939 - El bandoneón (EBCD 84),08427328130844,1
La Cumparsita Vol. 2 - Sondor (8271),07730725827127,1
La Fonola Inéditos Orquestas con Cantores - CDFOG 549,07798084655492,1
La Melodía De Nuestro Adiós - El bandoneón (EBCD 30),08427328130301,1
La Morocha canta Alberto Echagüe - Magenta (9.101),07798067330286,1
La Puñalada - Blue Moon (BMT 011),08427328140119,1
La Yumba - 1945-1947 - Blue Moon (BMT 010),08427328140102,1
La epoca de oro vol. 1 (1917-1928) - BATC (col 541),02480002150411,1
La epoca de oro vol. 10 (1940-1952) - BATC (col 550),02480002150503,1
La epoca de oro vol. 11 (1949-1960) - BATC (col 551),02480002150510,1
La epoca de oro vol. 12 (1950-1954) - BATC (col 552),02480002150527,1
La epoca de oro vol. 13 (1954-1967) - BATC (col 553),02480002150534,1
La epoca de oro vol. 16 (1927-1931) - BATC (col 575),02480002150756,1
La epoca de oro vol. 17 (1925-1931) - BATC (col 577),02480002150770,1
La epoca de oro vol. 18 (1927-1945) - BATC (col 578),02480002150787,1
La epoca de oro vol. 2 (1913-1930) - BATC (col 542),02480002150428,1
La epoca de oro vol. 5 (1926-1935) - BATC (col 545),02480002150459,1
La epoca de oro vol. 6 (1926-1939) - BATC (col 546),02480002150466,1
La epoca de oro vol. 7 (1928-1937) - BATC (col 547),02480002150473,1
La epoca de oro vol. 8 (1929-1936) - BATC (col 548),02480002150480,1
La epoca de oro vol. 9 (1930-1940) - BATC (col 549),02480002150497,1
"La guardia vieja - Juan Maglio ""Pacho"" 1927-1932 - Colección 78 RPM (EU-17052)",07798089730804,1
La vida es una milonga vol. 2 - DyM (dz003004),00718750143426,1
La Última Cita 1947-1953 - El bandoneón (EBCD 105),08427328131056,1
La última curda - 1963 - Troilo en RCA (633422),00828766334227,1
Las Damas Del Tango 1909-1946 - El bandoneón (EBCD 93),08427328130936,1
Las Joyas Del Tango Vol. 1 (1928-1946) - (CTA-1010),02480001101025,1
Las Joyas Del Tango Vol. 2 (1929-1942) - (CTA-1011),02480001101124,1
Las Joyas Del Tango Vol. 3 (CTA-1012),02480001101223,1
Las Joyas de La Fonola - F 764,07798049047645,1
Las Primeras Grabaciones 1928-1931 (BMT 020),08427328140201,1
Las Voces del Siglo XX Vol. 1 - CD 1 - Lantower,07798113060181,1
Las milongas más milongas - Quinteto Pirincho / Roberto Firpo - Reliquias (529433),00724352943326,1
Lo Mejor De Aníbal Troilo,00099441335727,1
Lo Mejor De Carlos Di Sarli - MH 150928,00099441337226,1
Lo que faltaba de D'Arienzo / Valdéz 1958-1964 - Archivo RCA (EU-16033),00886971398625,1
Lo que vendrá - 1963 - Troilo en RCA (627032),00828766270327,1
Loca Bohemia - Osmar Maderna 1946-1960 - Archivo RCA (EU-16035),00886971399028,1
Loco Turbión - Blue Moon (BMT 017),08427328140171,1
Los 20 temas elegidos (Clarín),09789507826566,1
Los Dúos con Carlos Dante y Oscar Larroca - Alfredo De Angelis - Reliquias (477601),00724347760129,1
Los Dúos de Carlos Dante y Julio Martel Vol. 2 - Alfredo De Angelis - Reliquias (499993),00724349999329,1
Los Grandes Clasicos Del Tango - Alfredo De Angelis - Blue Moon (BMCD 2053),08427328020534,1
Los Primeros Instrumentales - Alfredo De Angelis - Reliquias (595166),00724359516622,1
Los Tangos Más Buscados De Carlos Di Sarli - (MH-24659),00099441602720,1
Los grandes tangos del '40 - Francisco Canaro - Reliquias (499973),00724349997325,1
Los inéditos de Osvaldo Pugliese Volumen 1 - BATC (col-529/5029),02480002150299,1
Los inéditos de Osvaldo Pugliese Volumen 2 - BATC (col-530/5030),02480002150305,1
Lucio Demare (1938-1945) - (CTA-751),02480001075128,1
Lucio Demare - Malena - AMP (CD-1244),02480002124429,1
Lucio Demare Vol. 2 (1942-1945) - (CTA-752),02480001075227,1
Lucio Demare Vol. 3 (1941-1944) - (CTA-753),02480001075326,1
"Lucio Demare Vol. 5 (1957-1959) - Sellos Disc Jockey, Music Hall - CdT",00709735501829,1
Madame Ivonne - DyM (dz020070),04024236200702,1
Mala Junta (1936-1944) - El bandoneón (EBCD 98),08427328130981,1
Mariposita,00099441337028,1
María - 1945 - Troilo en RCA (633442),00828766334425,1
Maximos artistas del Tango popular - Osvaldo Fresedo canta Roberto Ray,00828768494721,1
Me Gusta Bailar Milonga - Sondor (8107),07730725810723,1
"Memorial Del Tango 16 - Ricardo Tanturi ysu orquesta típica ""Los Indios"" - AMP (CD-1216M)",02480002121626,1
Memorial Del Tango 17 - Osvaldo Fresedo II - AMP (CD-1227M),02480002153078,1
Memorial Del Tango 18 - Orquesta Típica Victor II - AMP (CD-1228M),02480002152606,1
Memorial Del Tango 19 - Roberto Firpo II - AMP (CD-1239M),02480002123927,1
Memorial Del Tango 2 - Roberto Firpo - (AMP-1138M),02480002152422,1
"Memorial Del Tango 21 - Juan Maglio ""Pacho"" II - AMP (CD-1251M)",02480002125129,1
Memorial Del Tango 22 - Carlos Gardel - AMP (CD-1252M),02480002125228,1
Memorial Del Tango 4 - Osvaldo Fresedo - (AMP-1150M),02480002152798,1
Memorial Del Tango 5 - Francisco Lomuto - (AMP-1161M),02480002116127,1
Memorial Del Tango 6 - Adolfo Carabelli - (AMP-1162M),02480002116226,1
Mercedes Simone Vol. 2 (1928-1937) - (CTA-812),02480001081228,1
Meta fierro - Yunta brava 1939-1940 - Colección Juan D'Arienzo 2005 (693332),00828766933321,1
Mi Tango Triste - BMG/Tango Argentino (63358),00743216335824,1
Mi evocación - Adolfo Carabelli 1927/1935 - Colección 78 RPM (EU-17043),07798089730675,1
Mientras gime el bandoneón - 1946 - Troilo en RCA (623722),00828766237221,1
Miguel Caló - Lejos De Buenos Aires - AMP (CD-1250),02480002125020,1
"Miguel Caló 1933-1967 ""Milonga Porteña"" - BATC (orq 298)",02480002152989,1
Miguel Caló Con Sus Grandes Cantantes en FM Tango - 28542,00724382854227,1
Miguel Caló and his Orchestra of the Stars 1942-1950 - Harlequin (HQCD-172),00008637217228,1
Miguel Caló y su Orquesta de Las Estrellas 1941-1944 - El bandoneón (EBCD 92),08427328130929,1
Miguel Caló y sus cantores - Archivo Odeon (EU-19015),00094638988427,1
Miguel Villasboas Y Su Quinteto Bravo Del 900 1960-1962 - Disco Latina (SDL 2010),02480002201021,1
Miguel Villasboas en Japón - Sondor (8205),07730725820524,1
Miguel Villasboas y su orquesta típica en Australia - Sondor (8310),07730725831025,1
"Milonga De Mis Amores - Firpo, Laurenz, Malerba, Rodríguez - Altaya 1998",02480002028611,1
Milonga De Mis Amores - Fueye 2003 (2403),07796095000812,1
Milonga De Mis Amores 1937-1944 - Pedro Laurenz - El bandoneón (EBCD 82),08427328130820,1
Milonga Orillera - El bandoneón (EBCD 75),08427328130752,1
Milonga Que Peina Canas vol. 3 - DyM (dz003007),00718750143723,1
Milonga de mis amores 1964-1975 - Colección Juan D'Arienzo 2004 (693552),00828766935523,1
Milonga vieja milonga,04024236030019,1
Milongas... Pa' Sacarle Viruta Al Piso - En FM Tango,00724382854425,1
Milongueando con Canaro - Reliquias (541690),00724354169021,1
Milongueando con Juan D'Arienzo - 1935-1962 - Archivo RCA (EU-16025),00828766408621,1
Milongueando en el '40 con Di Sarli y Troilo - 1939-1944 - Archivo RCA (EU-16036),00886971399127,1
Milonguita - 1964/1965 - Troilo en RCA (599792),00828765997928,1
Misterio - DyM (dz020006),04024236200061,1
Mitología Del Tango Vol. 2 - AMP (CD-1254),02480002125426,1
Mitología Del Tango Vol. 3 - AMP (CD-1278),02480002127826,1
Mucho Mucho 1953-1954 - Colección Juan D'Arienzo 2005 (693442),00828766934427,1
Muñeca Brava,07798067339517,1
"Ni más, ni menos - Aníbal Troilo - Reliquias (837425)",00724383742523,1
Nobleza De Arrabal 1937-1941 - El bandoneón (EBCD 90),08427328130905,1
Noche De Reyes - 4º Concurso De Tangos De Max Glücksmann Y Sus Discos Nacional 1927 - El Bandoneón (EBCD 152),08427328131520,1
Noches De Tango - BMG/Tango Argentino (63356),00743216335626,1
"Noches de Cabaret - Héctor Varela y su Orquesta, cantan: Rodolfo Lesica, Argentino Ledesma, Armando Laborde - Reliquias (595158)",00724359515823,1
Nostalgia - Osvaldo Fresedo - Reliquias (837418),00724383741823,1
Nostálgico,00731453933224,1
Nuestro Buenos Aires - 1968 - Troilo en RCA (622152),00828766221527,1
Ojos negros (Magenta 9053),07798067339531,1
Orquesta Juan D'Arienzo Vol. 21 (1952-1953) - (CTA-321),02480001032121,1
Orquesta Julio De Caro Vol. 8 - Buen Amigo - AMP (CD-1199),02480002119920,1
Orquesta Símbolo Osmar Maderna Vol. 1 - BATC (orq 214),02480002152149,1
Orquesta Símbolo Osmar Maderna Vol. 2 - BATC (orq 215),02480002152156,1
Orquesta Típica Brunswick - AMP (CD-1097),02480002109723,1
Orquesta Típica Brunswick 1930-1931 - BATC (orq 244),02480002152446,1
Orquesta Típica Brunswick 1930-1932 - BATC (orq 245),02480002109723,1
Orquesta Típica Francisco Lomuto Vol. 7 - Cuando Llora La Milonga - AMP (CD-1151),02480002152736,1
Orquesta Típica Victor - Harlequin (HQCD-155),00008637215521,1
Orquesta Típica Victor 1925-1927 - BATC (orq 260),02480002152606,1
Orquesta Típica Victor 1925-1934 - El bandoneón (EBCD 41),08427328130417,1
"Orquesta Típica Victor 1926-1927 ""Carta brava"" - BATC (orq 335)",02480002153351,1
Orquesta Típica Victor 1926-1930 - El bandoneón (EBCD 140),08427328131407,1
Orquesta Típica Victor 1926-1931 - Harlequin (HQCD-90),00008637209025,1
"Orquesta Típica Victor 1926-1932 ""Musica de calesita"" - BATC (orq 338)",02480002153382,1
Orquesta Típica Victor 1926-1940 - El bandoneón (EBCD 85),08427328130851,1
Orquesta Típica Victor 1927-1934 - BATC (orq 206),02480002152064,1
Orquesta Típica Victor 1929/1944 - Colección 78 RPM (EU-17021),00828767019925,1
"Orquesta Típica Victor 1930-1931 ""La Serenata"" - BATC (orq 315)",02480002153153,1
Orquesta Típica Victor 1930/1944 - Colección 78 RPM (EU-17014),00828766032727,1
"Orquesta Típica Victor 1931-1932 ""Viejo arrabal"" - BATC (orq 316)",02480002153160,1
"Orquesta Típica Victor 1931-1943 ""Derecho Viejo"" - BATC (orq 339)",02480002153399,1
Orquesta Típica Victor Extra 3 - Alma de bohemio - (AMP-1109),02480002110927,1
Orquesta Típica Victor III - Memorial Del Tango 24 - AMP (CD-1264M),02480002126423,1
Orquesta Típica Victor Vol. 01 (1925-1926) - (CTA-101),02480001010129,1
Orquesta Típica Victor Vol. 01 (1925-1926) - CdT,02480001010129,1
Orquesta Típica Victor Vol. 02 (1926) - (CTA-102),02480001010228,1
Orquesta Típica Victor Vol. 02 (1926) - CdT,02480001010228,1
Orquesta Típica Victor Vol. 03 (1926-1927) - (CTA-103),02480001010327,1
Orquesta Típica Victor Vol. 03 (1926-1927) - CdT,02480001010327,1
Orquesta Típica Victor Vol. 04 (1927) - (CTA-104),02480001010426,1
Orquesta Típica Victor Vol. 04 (1927) - CdT,02480001010426,1
Orquesta Típica Victor Vol. 05 (1927) - CdT,02480001010525,1
Orquesta Típica Victor Vol. 06 (1927-1928) - (CTA-106),02480001010624,1
Orquesta Típica Victor Vol. 06 (1927-1928) - CdT,02480001010624,1
Orquesta Típica Victor Vol. 07 (1928) - CdT,02480001010723,1
Orquesta Típica Victor Vol. 08 (1928-1929) - (CTA-108),02480001010822,1
Orquesta Típica Victor Vol. 09 (1929) - (CTA-109),02480001010921,1
Orquesta Típica Victor Vol. 1 - 1925-1927 - Disco Latina (SDL 2004),02480002200420,1
Orquesta Típica Victor Vol. 10 (1929-1930) - (CTA-110),02480001011027,1
Orquesta Típica Victor Vol. 11 (1930) - (CTA-111),02480001011126,1
Orquesta Típica Victor Vol. 12 (1930-1931) - (CTA-112),02480001011225,1
Orquesta Típica Victor Vol. 13 (1931) - (CTA-113),02480001011324,1
Orquesta Típica Victor Vol. 14 (1931-1932) - (CTA-114),02480001011423,1
Orquesta Típica Victor Vol. 15 (1932) - (CTA-115),02480001011522,1
Orquesta Típica Victor Vol. 16 (1933) - (CTA-116),02480001011621,1
Orquesta Típica Victor Vol. 17 (1933-36) - (CTA-117),02480001011720,1
Orquesta Típica Victor Vol. 18 (1936-1937) - (CTA-118),02480001011829,1
Orquesta Típica Victor Vol. 19 (1938-1941) (CTA-119),02480001011928,1
Orquesta Típica Victor Vol. 20 (1941-1944) - (CTA-120),02480001012024,1
Orquesta Típica Victor Vol. 5 (1927) - (CTA-105),02480001010525,1
Orquesta Típica Victor Vol. 7 (1928) - (CTA-107),02480001010723,1
Orquestas Olvidadas Vol. 1 - Reliquias (473893),00724347389320,1
Orquestas Olvidadas Vol. 2 - Reliquias (473894),00724347389429,1
Orquestas Olvidadas Vol. 3 - Reliquias (477599),00724347759925,1
Orquestas Típicas - Archivo Odeon (EU-19010),00094636269429,1
Osmar Maderna - BMG/Solo Tango 71370,00743211599924,1
Osmar Maderna 1946/1950 - Colección 78 RPM (EU-17039),00828767206523,1
Osmar Maderna 1946/1951 - Colección 78 RPM (EU-17002),00828766025125,1
Osmar Maderna años '46 al '51 - BATC Revista Volumen 6 (653162),00743216531622,1
"Osvaldo Fresedo ""Tigre viejo"" 1933-1948 - Colección 78 RPM (EU-17048)",00828766456226,1
Osvaldo Fresedo (1927-1928) - (CTA-711),02480001071120,1
Osvaldo Fresedo (1927-1928) / Juan Maglio (1927-1932) / Roberto Firpo (1927-1933) - BATC (orq 248),02480002152484,1
Osvaldo Fresedo (II) (1927-1928) - (CTA-712),02480001071229,1
Osvaldo Fresedo (III) (1927-1928) - (CTA-713),02480001071328,1
Osvaldo Fresedo (IV) (1926-1928) - (CTA-714),02480001071427,1
Osvaldo Fresedo (V) (1926-1928) - (CTA-715),02480001071526,1
Osvaldo Fresedo (VII) (1926-1928) - (CTA-717),02480001071724,1
Osvaldo Fresedo (VIII) (1927-1928) - (CTA-718),02480001071823,1
Osvaldo Fresedo - Serie de oro - sonido 2000 (SO 1006),00610077215421,1
Osvaldo Fresedo 1925-1927 - BATC (orq 274),02480002124320,1
Osvaldo Fresedo 1926-1928 - BATC (orq 268),02480001071724,1
Osvaldo Fresedo 1926-1928 - BATC (orq 282),02480002152828,1
Osvaldo Fresedo 1927 - BATC (orq 279),02480002152798,1
"Osvaldo Fresedo 1927-1928 ""Paternal"" - BATC (orq 331)",02480002153313,1
"Osvaldo Fresedo 1927-1928 ""Tradición"" - BATC (orq 307)",02480002153078,1
Osvaldo Fresedo 1927-1928 - BATC (orq 205),02480002152057,1
"Osvaldo Fresedo 1927-1938 ""Colibriyo"" - BATC (orq 334)",02480002153344,1
Osvaldo Fresedo 1933/1948 - Colección 78 RPM (EU-17034,00828767206929,1
Osvaldo Fresedo 1938/1948 - Colección 78 RPM (EU-17013),00828766032628,1
Osvaldo Fresedo VI (1926-1928) - (CTA-716),02480001071625,1
Osvaldo Fresedo Vol. 1 (1937-1946) - (CTA-281),02480001028124,1
Osvaldo Fresedo Vol. 2 (1922-1925) - (CTA-282),02480001028223,1
Osvaldo Fresedo Vol. 5 - La Cachirla - AMP (CD-1111),02480002111122,1
Osvaldo Fresedo Vol. 7 - Arrabalero - AMP (CD-1202),02480002120223,1
Osvaldo Fresedo Vol. 8 - Perdon Viejita - AMP (CD-1243),02480002124320,1
Osvaldo Fresedo Vol. 9 - Bandoneón amigo - AMP (CD-1285),02480002128526,1
Osvaldo Pugliese (1954-1960) - Disco Latina (CDL-3009),02480002300922,1
Osvaldo Pugliese Con Sus Grandes Cantantes - FM Tango 27943,00724382794325,1
Osvaldo Pugliese Vol. 1 (1943-1944) - (CTA-521),02480001052129,1
Osvaldo Pugliese Vol. 2 (1944-1945) - (CTA-522),02480001052228,1
Osvaldo Pugliese Vol. 3 (1945-1947) - (CTA-523),02480001052327,1
Osvaldo Pugliese años '45 al '59 - BATC Revista Volumen 7 (499140),00724349914025,1
Osvaldo Pugliese años '52 al '53 - BATC Revista Volumen 1 (8551252),00724385512520,1
Osvaldo Pugliese canta Roberto Chanel - Serie de oro - sonido digital (SO 1016),07798113060327,1
Osvaldo Pugliese con Roberto Chanel en FM Tango - 30716,00724383071623,1
"Osvaldo Pugliese en Nagoya (Japón) - 1989 Volumen 2 ""En Vivo"" - BATC (col-521/5021)",02480002150213,1
Osvaldo Pugliese in the 1940s - Harlequin (HQCD-159),00008637215927,1
Osvaldo Pugliese y su Orquesta Típica vol.2 1951-1958 - Disco Latina (SDL-2014),02480002201427,1
Osvaldo Pugliese y su Orquesta típica (1949) canta Jorge Vidal - El bandoneón (EBCD 5),08427328130059,1
Pa' que bailen los muchachos - 1962 - Troilo en RCA (622132),00828766221329,1
Pampa y cielo - Alfredo De Angelis - Archivo Odeon (EU-19016),00094638988526,1
Para Bailar Sin Parar - Enrique Rodríguez - Reliquias (859024),00724385902420,1
Para Recordarlo - Archivo Odeon (EU-19018),00094638989226,1
Pasión De Tango Vol. 6 - (AMP-1184),02480002118428,1
Pasión De Tango Vol. 7 - (AMP-1214),02480002121428,1
Pasión De Tango Vol. 8 - AMP (CD-1226),02480002122623,1
Patio porteño - Blue Moon (BMT 013),08427328140133,1
Pedro Laurenz (1943-1944) - (CTA-767),02480001076729,1
Pedro Laurenz 1937/1943 - Colección 78 RPM (EU-17015),00828766032826,1
Pedro Laurenz y su Orquesta Típica 1937-1953 - Disco Latina (CDL-3015),02480002301523,1
Pedro Laurenz y su Orquesta Típica Vol. 2 - Amurado - AMP (CD-1204),02480002120421,1
Pedro Maffia - BATC (orq 255),02480002030034,1
Poema - Francisco Canaro 1935 - Fueye (FR 0002),07798115830157,1
Porteño Y Bailarín - BMG/Tango Argentino (63347),00743216334728,1
Pura Clase - Blue Moon (BMT 021),08427328140218,1
Pura milonga - Francisco Canaro 1932/1934 - Colección 78 RPM (EU-17049),07798089730712,1
Puro Tango 1961 - Colección Juan D'Arienzo 2005 (693522),00828766935226,1
Quejas de bandoneón - 1944 - Troilo en RCA (634132),00828766341324,1
Quinteto Francisco Canaro con D'Alessandro Vol. 1,00712730008729,1
"Quinteto Pirincho, dirección Francisco Canaro - El bandoneón (EBCD 3)",08427328130035,1
Qué lindos tiempos viejos Vol. 01 - AMP (CD-1081),02480002108122,1
Qué lindos tiempos viejos Vol. 02 - AMP (CD-1082),02480002108221,1
Qué lindos tiempos viejos Vol. 04 - AMP (CD-1094),02480002109426,1
Qué lindos tiempos viejos Vol. 05 - AMP (CD-1105),02480002110521,1
Qué lindos tiempos viejos Vol. 06 - AMP (CD-1117),02480002111726,1
Qué lindos tiempos viejos Vol. 08 - (AMP-1134),02480002113423,1
Qué lindos tiempos viejos Vol. 13 - (AMP-1171),02480002117124,1
Qué lindos tiempos viejos Vol. 14 - (AMP-1172),02480002117223,1
Qué lindos tiempos viejos Vol. 15 - AMP (CD-1183),02480002118329,1
Qué lindos tiempos viejos Vol. 16 - (AMP-1195),02480002119524,1
Qué lindos tiempos viejos Vol. 17 - (AMP-1196),02480002119623,1
Qué lindos tiempos viejos Vol. 19 - AMP (CD-1225),02480002122524,1
Qué lindos tiempos viejos Vol. 20 - AMP (CD-1241),02480002124122,1
Qué lindos tiempos viejos Vol. 21 - AMP (CD-1253),02480002125327,1
Qué lindos tiempos viejos Vol. 22 - AMP (CD-1265),02480002126522,1
Qué lindos tiempos viejos Vol. 23 - AMP (CD-1266),02480002126621,1
Qué lindos tiempos viejos Vol. 24 - AMP (CD-1277),02480002127727,1
RCA Victor 100 Años - Aníbal Troilo (8543524),00743218543524,1
RCA Victor 100 Años - Carlos Di Sarli (8749025),00743218749025,1
RCA Victor 100 Años - Orquesta Típica Victor (8656927),00743218656927,1
RCA Victor 100 Años - Ángel D'Agostino / Ángel Vargas (888082),00743218880827,1
RCA Víctor 100 Años - Aníbal Troilo y sus cantores (888702),00743218887024,1
RCA Víctor 100 Años - Astor Piazzolla (881702),00743218817021,1
RCA Víctor 100 Años - Juan D'Arienzo (865672),00743218656729,1
RCA Víctor 100 Años - Roberto Goyeneche (860582),00743218605826,1
RCA Víctor 100 años - Julio De Caro (881732),00743218817328,1
Ranko Fujisawa (1953-1954) - (CTA-482),02480001048221,1
Ranko Fujisawa 1953-1954 - BATC (col-562),02480001048221,1
Realidad De Tango 1926-1931 - BATC (COL-561/5061),02480002150619,1
Realidad De Tango Vol. 1 - AMP (CD-1235R),02480002123521,1
Realidad De Tango Vol. 10 - AMP (CD-1284R),02480002128427,1
Realidad De Tango Vol. 2 - AMP (CD-1236R),02480002123620,1
Realidad De Tango Vol. 3 - AMP (CD-1247R),02480002124726,1
Realidad De Tango Vol. 4 - AMP (CD-1248R),02480002124825,1
Realidad De Tango Vol. 5 - AMP (CD-1259R),02480002125921,1
Realidad De Tango Vol. 6 - AMP (CD-1260R),02480002126027,1
Realidad De Tango Vol. 7 - AMP (CD-1271R),02480002127123,1
Realidad De Tango Vol. 8 - AMP (CD-1272R),02480002127222,1
Realidad De Tango Vol. 9 - AMP (CD-1283R),02480002128328,1
"Recordando Viejos Temas - Miguel Caló, Cantan: Raúl Iriarte, Roberto Arrieta y Luis Tolosa - Reliquias (473885)",00724347388521,1
Recordando a la guardia vieja 1933/1944 - Colección 78 RPM (EU-17041),00886971399424,1
Recordando orquestas 1927/1954 - Colección 78 RPM (EU-17031),00828767206820,1
"Recordando sus Exitos con Montero - Sus Grandes Exitos - Osvaldo Pugliese y su orquesta, cantan: Miguel Montero y Jorge Maciel - Reliquias (473895)",00724347389528,1
"Recordando sus Éxitos - Enrique Rodríguez y su orquesta, canta Armando Moreno - Reliquias (541704)",00724354170423,1
Recuerdo - Alberto Castillo - Reliquias (837415),00724383741526,1
Recuerdo - Horacio Salgán - BMG/Tango Argentino (41302),00743214130223,1
Recuerdo - Julio De Caro 1926/1928 - Colección 78 RPM (EU-17044),00886974314127,1
Recuerdo 1944-1945 - Osvaldo Pugliese,08427328130714,1
Rendez-Vous Porteño - incluye grabaciones con Dizzy Gillespie en Buenos Aires 1956,07798010675020,1
Ricardo Malerba 1941-1945 - BATC (orq 224),02480002152248,1
Ricardo Malerba Vol. 1 (1941-1943) - (CTA-758),02480001075821,1
Ricardo Malerba Vol. 2 (1943-1945) - (CTA-759),02480001075920,1
Ricardo Tanturi (1937-1941) - Pedro Laurenz (1937-1942) - BATC (orq 249),02480002152491,1
Ricardo Tanturi (1940-1959) - Disco Latina (CDL-3018),02480002301820,1
Ricardo Tanturi - Enrique Campos,09991787000004,1
Ricardo Tanturi / Enrique Campos - Volumen 1 - Magenta (88009),00605889088721,1
Ricardo Tanturi 1940/1948 - Colección 78 RPM (EU-17035),00828767206424,1
Ricardo Tanturi 1940/1950 - Colección 78 RPM (EU-17003),00828766025224,1
"Ricardo Tanturi Vol. 01 (1937-1941) Sello Odeon, RCA Victor - CdT",02480001037126,1
Ricardo Tanturi Vol. 02 (1941-1942) Sello RCA Victor - CdT,02480001037225,1
Ricardo Tanturi Vol. 03 (1942-1943) Sello RCA Victor - CdT,02480001037324,1
Ricardo Tanturi Vol. 1 (1937-1941) - (CTA-371),02480001037126,1
Ricardo Tanturi Vol. 2 (1941-1942) - (CTA-372),02480001037225,1
Ricardo Tanturi Vol. 2 - Alma en pena - (AMP-1154),02480002115427,1
Ricardo Tanturi Vol. 3 (1942-1943) - (CTA-373),02480001037324,1
Ricardo Tanturi años '56 al '59 - BATC Revista Volumen 12 (880422),00743218804229,1
Roberto Firpo (1927-1929) - (CTA-741),02480001074121,1
Roberto Firpo (1927-1930) - (CTA-743),02480001074329,1
Roberto Firpo (1931-1941) - (CTA-742),02480001074220,1
Roberto Firpo (1935-1942) - (CTA-744),02480001074428,1
Roberto Firpo (Hijo) - (CTA-402),02480001040225,1
Roberto Firpo (VI) (1927) - (CTA-746),02480001074626,1
Roberto Firpo (VII) (1928) - (CTA-747),02480001074725,1
Roberto Firpo 1920-1944 - Harlequin (HQCD-138),00008637213824,1
Roberto Firpo 1926-1927 - BATC (orq 242),02480002152422,1
Roberto Firpo 1926-1927 - BATC (orq 278),02480002152781,1
"Roberto Firpo 1927-1931 ""Viejo tango"" - BATC (orq 332)",02480002153320,1
Roberto Firpo 1927-1935 - BATC (orq 202),02480002152026,1
Roberto Firpo 1931-1934 - BATC (orq 241),02480002118923,1
Roberto Firpo 1935-1942 - BATC (orq 285),02480002152859,1
Roberto Firpo Vol. 10 - El amanecer - AMP (CD-1255),02480002125525,1
Roberto Firpo Vol. 11 - Rie...Payaso - AMP (CD-1279),02480002127925,1
Roberto Firpo Vol. 8 - AMP (CD-1189),02480002118923,1
Roberto Firpo Vol. 9 - Leguisamo solo - AMP (CD-1217),02480002152781,1
"Roberto Firpo y su Cuarteto - ""El horizonte"" - AMP (CD-1128)",02480002112822,1
Roberto Firpo y su Cuarteto Típica 1936 - 1940 - Disco Latina (SDL-2001),02480002200123,1
Roberto Firpo y su Cuarteto Vol. 2 - La Morocha - AMP (CD-1168),02480002116820,1
Roberto Firpo y su Nuevo Cuarteto - Alma de bohemio - (AMP-1098),02480002109822,1
Roberto Maida Canta Sus Éxitos - Francisco Canaro - Reliquias (541691),00724354169120,1
Roberto Rufino con Di Sarli - Francini/Pontier - Caló - Troilo - 1939-1965 - Archivo RCA - (EU-16007),00743219511928,1
Rodolfo Biagi con Hugo Duval 1956/1961 - Archivo Columbia (EU-18008),00828768475225,1
Rodolfo Biagi y su orquesta 1938-1953 - Disco Latina (CDL-3002),02480002300229,1
Romance De Barrio - El bandoneón (EBCD 58),08427328130585,1
Romance de barrio - 1947/1948 - Troilo en RCA (633402),00828766334029,1
Rompe y raja 1960-1961 - Colección Juan D'Arienzo 2005 (693512),00828766935127,1
"Ruiz, Martel, Dante Sus primeros vocalistas - Alfredo De Angelis - Reliquias (529106)",00724352910625,1
Se Va La Vida - Tango Ladies 1923-1954 - Harlequin (HQCD-52),00008637205225,1
Sentimental - Juan D'Arienzo canta Jorge Valdéz - BMG/Tango Argentino 1996 (412822),00743214128220,1
Sentimental Vol. 2 - Juan D'Arienzo canta Jorge Valdéz - BMG/Tango Argentino 1997 (497222),00743214972229,1
Sentir El Tango Vol. 18 - Tres Esquinas - (02480002102427),02480002028185,1
Sentir El Tango Vol. 19 - Vida Mia - (02480002102328),02480002028192,1
Serie 20 Exitos Vol.2,00743215827627,1
Serie 20 Éxitos (Carlos Di Sarli),00828768502624,1
Serie 20 Éxitos - Aníbal Troilo,00743212757026,1
"Serie Orquestas Olvidadas - Típica Brunswick, Donato-Zerrillo, De Caro, Brignolo - BATC (olv 304)",02480002153047,1
"Serie Orquestas Olvidadas - Típica Porteña, Los Provincianos, Carabelli - BATC (olv 302)",02480002153023,1
Serie Para Baile Vol. 1 - Todo Milonga - (CTA-1051),02480001105122,1
Serie Para Baile Vol. 2 - Todo Vals - (CTA-1052),02480001105221,1
Serie Para Baile Vol. 3 - Todo Vals Vol. 2 - (CTA-1053),02480001105320,1
Serie para baile - Instrumentales Años 1950-1960 - BATC (DAN-405),02480002159186,1
Serie para baile - Milongas - BATC (DAN-403),02480002159162,1
Serie para baile - Tangos cantados - BATC (DAN-402),02480002159155,1
Serie para baile - Tangos instrumentales - BATC (DAN-401),02480002159148,1
Serie para baile - Valses - BATC (DAN-404),02480002159179,1
Señor Del Tango,00709735790421,1
Silbando - Horacio Salgan 1953/57 - Archivo TK 2009 (EU-13006),07798089730538,1
"Sin Palabras - Aníbal Troilo ""Pichuco"" canta Alberto Marino - BMG/Tango Argentino 1996 (413712)",00743214137123,1
Sobre el pucho 1941-1944 - El bandoneón (EBCD 99),08427328130998,1
Solos De Orquesta - Enrique Rodríguez - (595172),00724359517223,1
Son cosas del bandoneon DyM (DZ020038),04024236200382,1
Songs From A Heavy Heart - Essential Tangos 1984-1989,00740042316522,1
Soy un Arlequín!: Tango Ladies 1923-1947 - Harlequin (HQCD-98),00008637209827,1
"Su Discografía Juntos - Fiorentino y su Orquesta Típica, Dirige: Astor Piazzolla, Reliquias 2005 (477604)",00724347760426,1
Su Orquesta y sus Cantores - Rodolfo Biagi - Reliquias (595171),00724359517124,1
Su primera orquesta - Astor Piazzolla - Reliquias (499984),00724349998421,1
Su primera orquesta - Héctor Varela - Reliquias (499963),00724349996328,1
Su último cantor en el disco - Aníbal Troilo canta Tito Reyes - BMG/Tango Argentino 1998 (637532),00743216375325,1
Sus Mayores Éxitos - Ada Falcón - Reliquias (530685),00724353068523,1
Sus Primeros Sucesos - Enrique Rodríguez - Reliquias (477584),00724347758423,1
Sus Primeros Éxitos - Juan D'Arienzo - BMG/Tango Argentino (49721),00743214972120,1
Sus Primeros Éxitos - Lucio Demare - Reliquias (541698),00724354169823,1
Sus Primeros Éxitos Vol. 1 - Carlos Di Sarli - BMG/Tango Argentino (41298),00743214129821,1
Sus Primeros Éxitos Vol. 1 - Juan D'Arienzo - BMG/Tango Argentino 1998 (63341),00743216334124,1
Sus Primeros Éxitos Vol. 2 - Carlos Di Sarli - BMG/Tango Argentino 1996 (41299),00743214129920,1
Sus Primeros Éxitos Vol. 2 - Juan D'Arienzo - BMG/Tango Argentino (63342),00743216334223,1
Sus Primeros Éxitos Vol. 3 - Carlos Di Sarli - BMG/Tango Argentino (63346),00743216334629,1
Sus Tangos - Lucio Demare on piano,00043011521720,1
"Sus cantores de los '50 Vidal, Cobos y Montero - Osvaldo Pugliese - Reliquias (529108)",00724352910823,1
Sus grandes éxitos - Juan D'Arienzo,00743212215229,1
Sus primeros éxitos Vol. 1 - Alberto Castillo - Reliquias (499975),00724349997523,1
Sus primeros éxitos Vol. 2 - Alberto Castillo - Reliquias (499976),00724349997622,1
Sus Éxitos Con Julio Sosa Y Enrique Campos - Francisco Rotundo - Reliquias (541709),00724354170928,1
Sus Éxitos Con Oscar Serpa Y Ricardo Ruiz - BMG/Tango Argentino (67576),00743216757626,1
Sus Éxitos con Roberto Chanel - Osvaldo Pugliese - Reliquias (495374),00724349537422,1
"Sus éxitos con Acuña, Lago y Amor - Rodolfo Biagi - Reliquias (529111)",00724352911127,1
Sus éxitos con Alberto Amor - Rodolfo Biagi - Reliquias (499968),00724349996823,1
Sus éxitos con Alberto Morán - Osvaldo Pugliese - Reliquias (495373),00724349537323,1
Sus éxitos con Alberto Morán Vol. 2 - Osvaldo Pugliese - Reliquias (529112),00724352911226,1
"Sus éxitos con Alberto Podestá, Jorge Ortiz y Raúl Berón - Miguel Caló - Reliquias (499969)",00724349996922,1
Sus éxitos con Andrés Falgás y Teófilo Ibáñez - Rodolfo Biagi - Reliquias (499966),00724349996625,1
Sus éxitos con Carlos Dante - Alfredo De Angelis - Reliquias (529109),00724352910922,1
"Sus éxitos con Duval, Heredia, Saavedra y Amor - Rodolfo Biagi - Reliquias (529139)",00724352913923,1
Sus éxitos con Ernesto Famá - Francisco Canaro - Reliquias (541692),00724354169229,1
Sus éxitos con Floreal Ruiz - Francisco Rotundo - Reliquias (541711),00724354171123,1
Sus éxitos con Jorge Ortiz Vol. 2 - Rodolfo Biagi - Reliquias (499967),00724349996724,1
"Sus éxitos con Juan Carlos Godoy, Roberto Florio y Lalo Martel - Alfredo De Angelis - Reliquias (499977)",00724349997721,1
Sus éxitos con Julio Martel - Alfredo De Angelis - Reliquias (495364),00724349536425,1
Sus éxitos con Julio Martel Vol. 2 - Alfredo De Angelis - Reliquias (529103),00724352910328,1
"Sus éxitos con Miranda, Berón y Quintana - Lucio Demare - Reliquias (529132)",00724352913220,1
Sus éxitos con Raúl Berón - Lucio Demare - Reliquias (499978),00724349997820,1
Sus éxitos con Raúl Iriarte - Miguel Caló - Reliquias (495362),00724349536227,1
Sus éxitos con Raúl Iriarte Vol. 2 - Miguel Caló - Reliquias (499970),00724349997028,1
Sus éxitos con Roberto Arrieta - Miguel Caló - Reliquias (499971),00724349997127,1
Sus últimos instrumentales - Aníbal Troilo y su Orquesta Típica - BMG/Tango Argentino 1998 (637192),00743216371921,1
Sólos de Orquesta - Rodolfo Biagi - Reliquias (541689),00724354168925,1
Tangazos de Antaño - Roberto Firpo - Reliquias (541727),00724354172724,1
Tango An Anthology CD 01 - Old Times [The 1920s & 1930s] - The Beginnings - Sony (88697903342-01),00886975649822,1
"Tango An Anthology CD 02 - Old Times [The 1920s & 1930s] - ""Cantor"", ""Cancionista"" & ""Estribillista"" - Sony (88697903342-02)",00886975649921,1
"Tango An Anthology CD 03 - Old Times [The 1920s & 1930s] - ""Decarísimo"" - Sony (88697903342-03)",00886975650026,1
Tango An Anthology CD 04 - Let's Dance [The 1940s] - The Orchestras - Sony (88697903342-04),00886975844920,1
Tango An Anthology CD 05 - Let's Dance [The 1940s] - Big Hits - Sony (88697903342-05),00886975845026,1
Tango An Anthology CD 06 - Let's Dance [The 1940s] - The Artistic Pairs - Sony (88697903342-06),00886975845125,1
Tango An Anthology CD 07 - The Dance Lives On [The 1950s] - The Instrumentals - Sony (88697903342-07),00886976103729,1
Tango An Anthology CD 13 - Return [The 1980s Onwards] - The Legends - Sony (88697903342-13),00886977495021,1
Tango Bravo - BMG/Tango Argentino (63359),00743216335923,1
Tango Guapo - El Bandoneón (EBCD 10),08427328130103,1
Tango History,08712273036182,1
Tango Ladies - El Tango Hecho Carne - Harlequin (HQCD-34),00008637203429,1
Tango de Colección Clarín - Vol.15,09789507826597,1
Tango de la medianoche - orquestas y conjuntos de 1953 / 1960 - Archivo RCA (EU-16039),00886974314325,1
"Tango, Valses Y Milongas Del 40' Vol. 1 - BMG /Tango Argentino 1997 (497232)",00743214972328,1
Tangomanía (Disc 1),00724347840029,1
Tangos - Francisco Canaro - EPM 995322,00723722366727,1
Tangos De Los Angeles Vol. 1 - BMG/Tango Argentino (41291),00743214129128,1
Tangos De Los Angeles Vol. 2 - BMG/Tango Argentino (41292),00743214129227,1
Tangos De Los Angeles Vol. 3 - BMG/Tango Argentino (63337),00743216333721,1
Tangos De Los Angeles Vol. 4 - BMG/Tango Argentino (63338),00743216333820,1
Tangos De Oro,00607000041028,1
Tangos Inolvidables,00743212213522,1
Tangos Orilleros - BMG/Tango Argentino (41284),00743214128428,1
Tangos Para Bailar Volumen 2 - RCA/BMG/Solo Tango 77737,00743217773724,1
Tangos Para Bailar Volumen 3 - RCA/BMG/Solo Tango 77738,00743217773823,1
Tangos Para Bailar Volumen 4 - RCA/BMG/Solo Tango 77739,00743217773922,1
Tangos Para El Mundo - BMG/Tango Argentino (41276),00743214127629,1
Tangos Para El Mundo Vol. 2 - BMG/Tango Argentino (63343),00743216334322,1
Tangos con Armando Moreno - Reliquias (529105),00724352910526,1
Tangos con Armando Moreno Vol. 2 - Enrique Rodríguez - Reliquias (541707),00724354170720,1
Tangos de Salón - BMG/Tango Argentino (41287),00743214128725,1
Tangos de mi ciudad - Ricardo Tanturi y su Orquesta Típica canta Alberto Castillo - BMG/Tango Argentino 1998 (63357),00743216335725,1
Tangos de rompe y raja - Julio De Caro - Reliquias (495376),00724349537620,1
Tangos de siempre - Reliquias (837409),00724383740925,1
Tangos de siempre Vol. 2 - Reliquias (859021),00724385902123,1
Tangos de siempre Vol. 3 - Reliquias (495372),00724349537224,1
Tangos de siempre Vol. 4 - Reliquias 2002 (541714),00724354171420,1
Tangos del tiempo viejo - Quinteto Pirincho - Reliquias (495375),00724349537521,1
Tangos del tiempo viejo Vol. 2 - Quinteto Pirincho - Reliquias (529114),00724352911424,1
Tangos del tiempo viejo Vol. 3 - Quinteto Pirincho - Reliquias (529134),00724352913428,1
Tangos del tiempo viejo Vol. 4 - Quinteto Pirincho - Reliquias (473896),00724347389627,1
Tangos famosos - Archivo RCA (EU-16020),00828765442923,1
Tangos famosos 2 - Archivo RCA (EU-16030),00828768362228,1
Tangos inolvidables del 40' - Francisco Canaro - Reliquias (859018),00724385901829,1
Tangos que traen recuerdos - Canta: Jorge Maciel - Osvaldo Pugliese - Reliquias (595157),00724359515724,1
Tangos sentimentales - Canta: Oscar Larroca - Alfredo De Angelis - Reliquias (495363),00724349536326,1
Tangos y Candombes Antiguos - Sondor (8347),07730725834729,1
Tangos y Milongas - Sondor (8045),07730725804524,1
Tangos y Valsecitos - Roberto Firpo - Reliquias (529133),00724352913329,1
Tangos y Valsecitos Vol. 2 - Roberto Firpo y su Cuarteto - Reliquias (595156),00724359515625,1
Tangos y Valses - Ada Falcón - Reliquias (473891),00724347389122,1
Tangos y Valses - Alberto Castillo y su orquesta - Reliquias 2002 (541693),00724354169328,1
"Tangos, Valses y Milongas - Canta: Armando Moreno - Enrique Rodríguez - Reliquias (595165)",00724359516523,1
Tanturi - Castillo - RCA/BMG/Solo Tango 71371,00743217137120,1
Te acordás hermano? - Francisco Canaro - Reliquias (495360),00724349536029,1
Temas Inolvidables - Enrique Rodríguez y su Orquesta - Reliquias (379168),00094637916827,1
The Magic of Carlos Gardel - Harlequin (HQCD-145),00008637214524,1
The Rhythm of Juan D'Arienzo - Harlequin (HQCD-157),00008637215729,1
The Rough Dancer and the Cyclical Night (Tango Apasionado),00753607101921,1
The Rough Dancer and the Cyclical Night [American Clave],00753607101921,1
The Story of Tango - Blue Note Records 1997,00077778918028,1
The Tango Lesson,00074646322628,1
Thursday's Tangos From The Golden Age - (HQCD-120),00008637212025,1
Tinta Roja - 1941/1942 - Troilo en RCA (594372),00828765943727,1
Titulos Inolvidables - Carlos Gardel - Reliquias (235391),05099923539129,1
Toda mi vida - 1968/1969 - Troilo en RCA (626952),00828766269529,1
Todo Alfredo Gobbi - Jorge Maciel de FM Tango Para Usted - 20911,00743212091120,1
Todo Carlos Di Sarli de FM Tango Para Usted - Instrumental - Volumen 1 - 16108,00743211610827,1
Todo Corazón 1924-1928 - El bandoneón (EBCD 83),08427328130837,1
Todo D'Arienzo de FM Tango para usted Vol. 1 Instrumental,00743213541624,1
Todo Francino - Pontier con Alberto Podestá y Raúl Berón de FM Tango Para Usted - 24397,00743212439724,1
Todo Julio Sosa con Francini - Pontier de FM Tango Para Usted - 22311,00743212231120,1
Todo Osvaldo Fresedo Con Cantores De FM Tango Para Usted - (22006),00743217137328,1
Todo Troilo - Fiorentino de FM Tango Para Usted Volumen 1 - 50628,00743217138028,1
Todo Troilo - Rivero de FM Tango Para Usted - 22312,00743212231229,1
Todo Troilo... de FM Tango Para Usted Volumen 1 - 50613,02480002102335,1
Tres Amigos - 1944 - Troilo en RCA (594412),00828765944120,1
Tres Orquestas Milongueras - Archivo Odeon (EU-19012),00094638988120,1
Tres Orquestras Milongueras - Fresedo - D'Agostino - Tanturi - para bailar - Archivo RCA (EU-16031),00828768362327,1
Troilo - Fiorentino Vol. 1 - BMG/Solo Tango 71380,00743217138028,1
Troilo - Fiorentino Vol. 2 - BMG/Solo Tango 71390,00743217139025,1
Una Emoción - Ricardo Tanturi con Enrique Campos - BMG/Tango Argentino (41296),00743214129623,1
Una Emoción 1943-1944 - Ricardo Tanturi con Enrique Campos - El bandoneón (EBCD 81),08427328130813,1
Una voz inolvidable - Charlo - Reliquias (477598),00724347759826,1
Uno - 1943 - Troilo en RCA (594392),00828765943925,1
Uruguay Y Su Musica - Sondor (6732),09999902659281,1
Valsecito amigo - valsecitos vol. 2 - DMY (143525 DZ 3005),00718750143525,1
Valses Inolvidables - Reliquias (541715),00724354171529,1
Verano Porteño - 1967 - Troilo en RCA (599372),00828765993722,1
Vieja Recova - Osvaldo Pugliese canta Jorge Vidal - Magenta (9.097),07798067330460,1
Viejos Tangos de Mi Flor - Reliquias (595154),00724359515427,1
Viento sur 1954-1955 - Colección Juan D'Arienzo 2005 (693452),00828766934526,1
Vintage Tango Tonight - Living Era CD AJA 5561,00743625556124,1
Voces Femeninas Vol. 2 - 1927/1962 - Colección 78 RPM (EU-17018),00828766124125,1
Voces Masculinas Vol. 1 - 1932/1957 - Colección 78 RPM (EU-17032),00828767206622,1
Voces Masculinas Vol. 2 - 1933/1963 - Colección 78 RPM (EU-17033),00828767206721,1
Yo soy el tango - 1941 - Troilo en RCA (594362),00828765943628,1
Yo soy el tango - Miguel Caló - El Bandoneón (EBCD 34),08427328130349,1
"Yo soy el tango vol. 1 - Aníbal Troilo ""Pichuco"" canta Fiorentino - BMG/Tango Argentino (41293)",00743214129326,1
"Yo soy el tango vol. 2 - Aníbal Troilo ""Pichuco"" canta Fiorentino - BMG/Tango Argentino 1997 (497252)",00743214972526,1
Yo soy el tango vol. 3 - Aníbal Troilo canta Fiorentino - BMG/Tango Argentino (67573),00743216757329,1
Ángel D'Agostino - Ángel Vargas - RCA Club,00743212213522,1
Ángel D'Agostino 1941/1953 - Colección 78 RPM (EU-17012),00828766032529,1
Ángel D'Agostino 1942/1953 - Colección 78 RPM (EU-17027),00828767020020,1
Ángel D'Agostino Vol. 1 (1940-1941) - (CTA-351),02480001035122,1
Ángel D'Agostino Vol. 2 (1942) - (CTA-352),02480001035221,1
Ángel D'Agostino Vol. 3 (1943) - (CTA-353),02480001035320,1
Ángel D'Agostino Vol. 4 (1944) - (CTA-354),02480001035429,1
Ángel D'Agostino Vol. 5 (1945) - (CTA-355),02480001035528,1
Ángel D'Agostino con Ángel Vargas - 1943-1963 - Archivo RCA (EU-16011),00743219720825,1
Ángel D'Agostino y su orquesta típica Vol. 2 - El Porteñito - AMP (CD-1232),02480002123224,1
Ángel Vargas - BATC (COL-511/5011),02480002150114,1
Éxitos Con Lalo Martel y Juan Carlos Godoy - Alfredo De Angelis - Reliquias (541696),00724354169625,1
Éxitos Con Mario Bustos y Héctor Mauré - Juan D'Arienzo - BMG/Tango Argentino 1999 (675792),00743216757923,1
Éxitos De Oro (Alfredo De Angelis),00724383231720,1
Éxitos De Oro (Osvaldo Pugliese),00724383231027,1
Éxitos con Jorge Ortiz - Rodolfo Biagi - Reliquias (379158),00094637915820,1
